product_id,name,brand,category,ingredients,serving_size_g,energy_100g,fat_100g,saturated_fat_100g,carbs_100g,fiber_100g,sugars_100g,protein_100g,sodium_100g,net_carbs_100g,energy_per_serving,fat_per_serving,saturated_fat_per_serving,carbs_per_serving,fiber_per_serving,sugars_per_serving,protein_per_serving,sodium_per_serving,net_carbs_per_serving,keto_compliant,high_protein,low_sodium,low_fat
20103644,Kokosmilch,Freshona,en:plant-based-foods-and-beverages,"91% coconut extract, water, guar gum stabilizer,",1400.0,194.0,20.5,16.8,1.4,0.6,0.9,0.8,20.0,0.7999999999999999,2716.0,287.0,235.20000000000002,19.599999999999998,8.4,12.6,11.200000000000001,280.0,11.2,0,1,0,0
6111184004129,Mayonnaise recette originale,Star,en:condiments,"Huile de soja, eau, vinaigre de table, jaune d’œufs, moutarde&quot;, sel, stabilisants (E412, E415), conservateur : (E202, E211) et antioxydant : E330. * contient des sulfites",100.0,592.0,65.21,9.8,0.22,0.0,0.05,1.12,700.0,0.22,592.0,65.21,9.8,0.22,0.0,0.05,1.12,700.0,0.22,1,0,0,0
8422174010029,Gazpacho Original,"Alvalle, PepsiCo",en:plant-based-foods-and-beverages,"Verdures fresques (94%) (tomàquet, pebrot vermell, cogombre, ceba), 
oli d'oliva verge extra (2,2%), 
vinagre de vi, 
sal marina, 
all, 
suc de llimona",100.0,42.0,2.4,0.4,3.5,1.2,3.3,0.9,248.0,2.3,42.0,2.4,0.4,3.5,1.2,3.3,0.9,248.0,2.3,1,0,0,1
6111128000163,Ain Saiss Eau Minerale Naturelle,Danone,en:beverages-and-beverages-preparations,"Calcium : 63,5
Magnésium : 35,5
Nitratex : 7
Sodium 8
Chlorures : 19,8
Sulfate : 3,8
Bicarbonate : 372
Potassium : 1",33.0,0.0,0.0,0.0,0.0,0.0,0.0,0.0,0.0,0.0,0.0,0.0,0.0,0.0,0.0,0.0,0.0,0.0,0.0,1,0,1,1
50457243,Tomato Ketchup,Heinz,en:condiments,"Tomatoes, Spirit Vinegar, Sugar, Salt, Spice and Herb Extracts (contain Celery), Spice.",15.0,102.0,0.1,0.0,23.2,0.0,22.8,1.2,720.0,23.2,15.299999999999999,0.015,0.0,3.48,0.0,3.42,0.18,108.0,3.48,1,0,1,1
8001665714372,Tortellini ricotta & épinards,"Giovanni Rana, Rana",en:plant-based-foods-and-beverages,"Farce 53% : ricotta 35% (sérum de lait lait, sel), épinards 20%, fibres végétales (mais et pommes de terre), huile de tournesol, chapelure (farine de blé tendre, eau, sel, levure), sérum de lait en poudre, fromage mascarpone, amidons, flocons de pomme de terre, ail, noix de muscade, aromes naturels (contiennent lait, blé), sel), Pâte 47% (farine de blé tendre, oeufs 30%, semoule de blé dur)",100.0,257.0,7.8,2.5,35.0,5.5,5.6,9.0,440.0,29.5,257.0,7.8,2.5,35.0,5.5,5.6,9.0,440.0,29.5,0,0,0,0
3011360007421,Knorr Soupe Minestrone à l'Huile d'Olive 104g 4 Portions,"Knorr, Unilever",en:plant-based-foods-and-beverages,"pâtes gentilini : 27% (semoule de BLÉ dur), pomme de terre¹, tomate¹ : 14%, amidon de pomme de terre, 
haricot blanc,sel, haricot brun, carotte¹ : 2,9%, huile d'olive vierge extra : 2,9%, haricot vert¹ : 1,9%, chlorure de potassium, protéines végétales hydrolysées, oignon¹, épices et aromates (curcuma¹, ail¹, persil¹, basilic¹ : 0,1%, poivre, graines de CÉLERI, romarin), petit pois¹ : 1%, extrait de levure, jus de citron, (jus de citron, maltodextrine), arôme. Peut contenir : lait, moutarde, œuf, soja. 
¹Ingrédients issus de l'agriculture durable : 43%. 

Teneur en légumes : 50,5%.",100.0,33.0,0.5,0.1,5.6,0.8,1.1,1.2,292.0,4.8,33.0,0.5,0.1,5.6,0.8,1.1,1.2,292.0,4.8,1,0,0,1
6111242100206,Yaourt nature,Jaouda,en:dairies,"lait frais entier, poudre de lait écrémé, amidon, ferment lactique sélectionné",100.0,78.5,3.3,2.4,8.0,0.0,0.0,4.2,0.0,8.0,78.5,3.3,2.4,8.0,0.0,0.0,4.2,0.0,8.0,0,0,1,0
7613287194374,Bitesize shredded wheat,Nestlé,en:plant-based-foods-and-beverages,Whole Grain Wheat (100%),40.0,367.0,2.2,0.5,68.7,12.5,0.7,11.8,20.0,56.2,146.8,0.8800000000000001,0.2,27.480000000000004,5.0,0.27999999999999997,4.720000000000001,8.0,22.480000000000004,0,0,1,1
3029330022428,14 Maxi Tranches complet sans sucres ajoutés,Jacquet,en:plant-based-foods-and-beverages,"Farine complète de blé (63%), eau, farine de blé (2,2%), huile de colga, Levure, arôme naturel (contient alcool), sel, farine de maïs fermentée, gluten de blé, jus d'acérola en poudre. Contient des sucres naturellement présents. Une recette sans huile de palme pour des pains de mie moelleux. Con vient à un régime végétalien. pour 1 portion %AR* pour (1 tranche ÉTIQUETAGE NUTRITIONNEL 100 g par =39,3g) portion 410 97 f Valeur 1020 kJ énergétique",393.0,243.0,3.0,0.3,42.0,6.6,3.8,8.7,480.0,35.4,954.99,11.790000000000001,1.179,165.06,25.938,14.934,34.190999999999995,1886.4,139.122,0,1,0,0
5013665100065,Organic Lightly Salted Wholegrain Low Fat Rice Cakes,Kallo,en:plant-based-foods-and-beverages,"Organic wholegrain _rice_ 99.8%, Sea Salt",1100.0,394.0,2.7,0.7,82.3,0.0,0.5,8.5,118.0,82.3,4334.0,29.700000000000003,7.699999999999999,905.3,0.0,5.5,93.5,1298.0,905.3,0,1,0,0
3046920022606,Excellence Noir Puissant 85% Cacao,Lindt,en:snacks,"Pâte de cacao, cacao maigre, beurre de cacao, cassonade, vanille.

Peut contenir du lait, des fruits à coque, du soja et des graines de sésame.",100.0,584.0,46.0,27.0,22.0,0.0,15.0,12.5,8.0,22.0,584.0,46.0,27.0,22.0,0.0,15.0,12.5,8.0,22.0,0,1,1,0
8076809513753,Pesto alla Genovese,Barilla,en:condiments,"sunflower oil, fresh basil 30%, cashew nuts, parmigiano reggiano pdo cheese 5%, (milk), maize fibre, whey powder (milk), salt, milk protein, extra virgin olive oil, sugar, basil extract, natural flavourings (milk), acidity regulator: lactic acid, garlic",475.0,492.0,47.0,5.3,11.0,3.0,5.0,4.7,1280.0,8.0,2337.0,223.25,25.175,52.25,14.25,23.75,22.325,6080.0,38.0,0,1,0,0
6111266962446,6111266962446,,en:dairies,"Lait frais entier, crème, préparation aux morceaux de chocolat, sucre, poudre de lait écrémé, texturant : amidon, arômes, ferments lactiques sélectionnés, colorant naturel",90.0,167.8,7.4,4.8,0.0,0.0,20.0,5.3,0.0,0.0,151.02,6.66,4.32,0.0,0.0,18.0,4.77,0.0,0.0,1,0,1,0
3270160862870,Émincés de poulet conchiglie complètes et légumes à l'italienne,Picard,en:plant-based-foods-and-beverages,"Pâte conchiglie complète cuite 22,8% [eau, semoule de BLÉ dur complet (GLUTEN)], émincé de poulet cuit traité en salaison [filet de poulet 17,8% (origine: UE), eau, sel], tomate pelée concassée 10,8% (tomate, jus de tomate), poivron rouge et jaune grillé 11,3%, courgette grillée 9,6%, aubergine grillée 6,2%, eau, tomate 3,4%, mozzarella râpée 2,2% (contient : LAIT), oignon rouge, poivron rouge grillé saumuré 1,2% (poivron rouge, eau, sel), basilic 1,1%, huile d'olive vierge extra, fibre de chicorée, purée de tomate double concentrée 0,6%, oignon, amidon de riz, poivron rouge 0,2%, oignon en poudre, ail, sel, LAIT écrémé en poudre, origan, persil, carotte 0,02%, thym, poivre blanc, herbes de Provence, TabascoⓇ (vinaigre, piment rouge vieilli, sel). Peut contenir des traces de: céleri, moutarde.",350.0,98.0,2.2,0.7,10.0,3.1,2.7,7.9,128.0,6.9,343.0,7.700000000000001,2.4499999999999997,35.0,10.85,9.450000000000001,27.650000000000002,448.0,24.150000000000002,0,1,0,0
50457250,Tomato Ketchup,Heinz,en:condiments,"Tomatoes, Spirit Vinegar, Sugar, Salt, Spice and Herb Extracts (Celery), Spice",115.0,102.0,0.1,0.1,23.2,0.0,22.8,1.2,708.0,23.2,117.3,0.11499999999999999,0.11499999999999999,26.679999999999996,0.0,26.22,1.38,814.1999999999999,26.679999999999996,0,0,0,1
5057545745946,Chopped Tomatoes,Tesco,en:plant-based-foods-and-beverages,"Tomatoes 60%, Tomato Juice, Acidity Regulator (Citric Acid).",1200.0,22.0,0.1,0.05,3.8,0.7,3.8,1.1,27.5,3.0999999999999996,264.0,1.2000000000000002,0.6000000000000001,45.599999999999994,8.399999999999999,45.599999999999994,13.200000000000001,330.0,37.199999999999996,0,1,0,1
6111035000058,Eau minérale naturelle,"Les Eaux Minérales d'oulmès,Sidi Ali",en:beverages-and-beverages-preparations,100% mineral water,100.0,0.0,0.0,0.0,0.0,0.0,0.0,0.0,26.0,0.0,0.0,0.0,0.0,0.0,0.0,0.0,0.0,26.0,0.0,1,0,1,1
5000119117359,Wheat Biscuits,Tesco,en:plant-based-foods-and-beverages,"Wheat (95%), Malted Barley Extract, Sugar, Salt, Niacin, Iron, Riboflavin, Thiamin, Folic Acid. Allergy Advice",238.0,358.0,2.11,0.526,67.9,10.0,4.47,12.1,103.0,57.900000000000006,852.04,5.0218,1.25188,161.602,23.799999999999997,10.638599999999999,28.798,245.14,137.80200000000002,0,1,0,0
7311070032611,Krisprolls complets sans sucres ajoutés,Krisprolls,en:plant-based-foods-and-beverages,"Whole wheat flour (62%), wheat flour, vegetable oils (fully hydrogenated rapeseed oil), barley malt, yeast, salt.",13.0,400.0,6.6,0.9,68.0,8.3,1.1,13.0,440.0,59.7,52.0,0.858,0.117,8.84,1.0790000000000002,0.14300000000000002,1.69,57.2,7.761000000000001,0,0,1,1
0089686120073,indoumi goût poulet,Indomie,en:plant-based-foods-and-beverages,"Nouilles (94.2%): Farine de blé tendre, huile végétale de palme, sel, Stabilisateurs : carbonate de potassium (E501i), polyphosphate de sodium (E452i), carbonate sodium (E500i), Épaississant : Colorant : guar gum (E412), Riboflavine/Vitamine B2 (E101), Antioxydant: TBHQ (E319). Poudre d'assaisonnement (5.4%): Sucre, sel, extrait de levure, poudre d'ail, poivre, arôme artificiel de poulet, poudre de gingembre, Poudre de piment (0.4%).",70.0,453.0,17.1,8.57,61.4,2.86,2.86,11.4,1840.0,58.54,317.09999999999997,11.97,5.999,42.98,2.002,2.002,7.9799999999999995,1288.0,40.977999999999994,0,0,0,0
42104964,Ciel 33cl,Ciel,en:beverages,ماء مصفى (معالج ومنضح) وأملاح معدنية (ماغنسيوم),1.0,0.0,0.0,0.0,0.0,0.0,0.0,0.0,52.0,0.0,0.0,0.0,0.0,0.0,0.0,0.0,0.0,0.52,0.0,1,0,1,1
3270160598373,Ratatouille cuisinée Bio,Picard,en:plant-based-foods-and-beverages,"Tomate* 20%, aubergine grillée* 16%, courgette grillée* 16%, eau, pulpe de tomate* 14%, oignon grillé* 7,7%, poivrons rouge et jaune grillés* 7%, huile d'olive vierge-extra* 3,5%, sel, amidon de riz*, carotte*, ail*. *Issu(e) de l'agriculture biologique",300.0,44.0,2.2,0.4,4.0,1.7,3.6,1.2,173.0,2.3,132.0,6.6000000000000005,1.2000000000000002,12.0,5.1,10.8,3.5999999999999996,519.0,6.8999999999999995,0,0,0,0
5449000061515,Ciel,THE COCA-COLA COMPANY,en:beverages-and-beverages-preparations,"eau minérale, calcium, magnésium, sodium, potassium, bicarbonates, chlorures, sulfates, nitrates",1.0,0.0,0.0,0.0,0.0,0.0,0.0,0.0,20.0,0.0,0.0,0.0,0.0,0.0,0.0,0.0,0.0,0.2,0.0,1,0,1,1
6111260230619,Tranches Au Goût Cheddar,Ideal,en:dairies,Valeurs nutritionnelles Valeurs moyennes pour 100g القيمة الغذئية. بروتين / Proteines الدهون / Lipides كربوهيدرات / Glucides كيلو كالوري / Kcal 9 Num d'ag 111260 القيمة لكل 100غ و10 غ 219غ 230619 رقم: 1217-LPLS 7g 285 RI,30.0,281.0,8.0,10.0,21.0,0.0,0.0,8.0,1300.0,21.0,84.3,2.4,3.0,6.3,0.0,0.0,2.4,390.0,6.3,0,0,0,1
20995553,Chocolat noir - 85% cacao,J.D. Gross,en:snacks,"Pâte de cacao, cacao maigre en poudre, beurre de cacao, sucre, émulsifiant : lécithines (soja) ; extrait de vanille. Traces éventuelles de fruits à coque et de lait.",25.0,600.0,48.0,28.0,36.0,16.0,12.0,12.0,0.0,20.0,150.0,12.0,7.0,9.0,4.0,3.0,3.0,0.0,5.0,1,0,1,0
5031021164032,Italian Chopped Tomatoes,Tesco,en:plant-based-foods-and-beverages,"Tomato 65%, Concentrated tomato juice, 
Acidity Regulator(Citric Acid).",5200.0,25.0,0.2,0.1,4.0,0.9,4.0,1.4,36.0,3.1,1300.0,10.4,5.2,208.0,46.800000000000004,208.0,72.8,1872.0,161.20000000000002,0,1,0,0
8076800195057,SPAGHETTI N° 5,"BARILLA NORGE ASbarilla, Barilla, BARILLA NORGE AS",en:plant-based-foods-and-beverages,DURUM WHEAT SEMOLINA PASTA. May contain traces of soy and mustard.,85.0,359.0,2.0,0.5,71.0,3.0,3.5,13.0,4.0,68.0,305.15,1.7,0.425,60.35,2.55,2.975,11.049999999999999,3.4,57.8,0,1,1,1
8852018101055,Shrimp Flavour,"YumYum, Yum Yum",en:plant-based-foods-and-beverages,"_Weizen_mehl, Palmöl (Palmöl, Antioxidationsmittel: E319, E306), Tapiokastärke, Salz, Zucker, Gemüse (Knoblauch, Zwiebel, Frühlingszwiebel), Gewürze (Chili, Galgant), Geschmacksverstärker: E621, E635, Säuerungsmittel: E296, E330, _Soja_saucenpulver (_Soja_bohnen, Glukosesirup, Maltodextrin, Farbstoff: E150c), Säureregulatoren: E500, E452, E451, Maltodextrin, Maisstärke, _Fisch_sauce (_Sardellen_extrakt, Salz, Zucker), _Garnelen_ 0,2%, Zitronengras, Aroma, Verdickungsmittel: E466, Hefeextrakt, Farbstoff: E160c.",60.0,78.0,4.1,1.8,8.7,0.0,0.4,1.2,336.0,8.7,46.8,2.4599999999999995,1.08,5.22,0.0,0.24,0.72,201.6,5.22,0,0,0,1
3480341000674,Carré Frais,Elle & Vire,en:dairies,"skimmed milk (origin: france), salt, lactic ferments.",25.0,85.0,0.3,0.2,4.5,0.0,2.9,16.0,511.0,4.5,21.25,0.075,0.05,1.125,0.0,0.725,4.0,127.75,1.125,1,0,1,1
6111032001010,DANONE ASSIL BANANE,Danone,en:dairies,"يوغورت عاقد - ا سکر. قشدة، زبدة، نكهة، خمائر حليبية لليوغورت. م. د: %1.80 مصنوع ف خط قد يمكن أن يحتوي على الكلوتين و الفستوه رقم الاعتماد الصحي 0NSSA ؛ 2.1,13 LPL الوزن الصافي : 10 لمكونات حليب بدون قشدة، مسحوق الحليب بدون قشدة تصنوع خط قد 4e ستطرال - دانون - طريق قنيطردره تارية الإفتاج - تاريخ ادتهاء انعز وع 6با علي لا عو ر ek TT10322 OO TO",110.0,95.0,2.7,1.8,0.0,0.0,14.3,3.4,40.0,0.0,104.50000000000001,2.9700000000000006,1.9800000000000002,0.0,0.0,15.730000000000002,3.74,44.0,0.0,1,0,1,1
3362600011044,Henry’s,Henry's,en:snacks,"Farine de froment, sucre, graisse végétale, sucre inverti, agents levants ( bicarbonate d'ammonium - bicarbonate de sodium), sel, arome.",42.0,440.0,10.8235,5.2941,76.4706,2.3529,24.2353,7.6471,352.94120000000004,74.1177,184.79999999999998,4.54587,2.223522,32.117652,0.9882179999999999,10.178825999999999,3.211782,148.235304,31.129434,0,0,0,0
8718114724485,Mayonnaise,Hellmann's,en:condiments,"rapeseed oil (78%), egg , egg yolk (7,9%), water, spirit vinegar, sugar, salt, lemon juice concentrate, flavourings, antioxidant (calcium disodium edta), paprika extract, sunflower oil,",114.0,725.0,79.0,6.3,1.4,0.0,1.3,1.1,600.0,1.4,826.4999999999999,90.05999999999999,7.1819999999999995,1.5959999999999999,0.0,1.482,1.254,683.9999999999999,1.5959999999999999,1,0,0,0
8076809529419,Pâtes spaghetti au blé complet integral 500g,Barilla,en:plant-based-foods-and-beverages,Semoule complète de BLÉ dur. Peut contenir des traces de SOJA et de MOUTARDE.,80.0,347.0,2.5,0.5,64.0,8.0,3.5,13.0,4.0,56.0,277.6,2.0,0.4,51.2,6.4,2.8000000000000003,10.4,3.2,44.800000000000004,0,1,1,1
3272770098090,St Môret,St Môret,en:dairies,"_lait_ et _crème_ pasteurisés (Origine: France), protéines du _lait_, sel",20.0,205.0,17.8,13.2,3.0,0.0,3.0,8.3,480.0,3.0,41.0,3.5600000000000005,2.64,0.6000000000000001,0.0,0.6000000000000001,1.6600000000000001,96.0,0.6000000000000001,1,0,1,0
8712566479665,Vegetable Stock Pot 8 x imp,"Knorr, Morrisons",en:plant-based-foods-and-beverages,"concentrated vegetable stock (water, carrots, leek, red bell pepper, celeriac) (43%), glucose syrup, salt, yeast extract, palm fat, sugar, potassium chloride, parsley, vegetable juice concentrate (celery, carrots, leek, onions) (0,9%), spices (celery seeds, lovage root, nutmeg, pepper), gelling agents (xanthan gum, locust bean gum), flavourings, caramel syrup, maltodextrin,",7.0,101.3384321064,5.3,2.7,6.5,1.3,4.1,6.2,5744.0,5.2,7.093690247448001,0.371,0.18900000000000003,0.45500000000000007,0.09100000000000001,0.287,0.43400000000000005,402.08000000000004,0.36400000000000005,1,0,0,1
01162622,Chickpeas in water,"Sainsbury's, Greencane paper",en:plant-based-foods-and-beverages,"Chickpeas, Water, Antioxidant: Sodium Metabisulphite (_Sulphites_).",5120.0,122.0,1.42,0.167,22.8,6.08,0.5,7.67,10.0,16.72,6246.400000000001,72.704,8.550400000000002,1167.3600000000001,311.29600000000005,25.6,392.704,512.0,856.064,0,1,0,0
6111252421568,اكوافينا,AQUAFINA,en:beverages-and-beverages-preparations,ouverture et avant le : Voir bouteille. après مياه مصفاة بتقنية اكوافينا هايدرو - 7 Eau purifiée par la technique Aquafina HydRO-7,1.0,0.0,0.0,0.0,0.0,0.0,0.0,0.0,0.203,0.0,0.0,0.0,0.0,0.0,0.0,0.0,0.0,0.00203,0.0,1,0,1,1
5025125000150,Everyday White Rolls,Jason's,en:plant-based-foods-and-beverages,"Wheat Flour (Wheat Flour, Calcium Carbonate, Iron, Niacin, Thiamin), Water, Rye Flour, Yeast, Fermented Wheat Flour, Salt, Flour Treatment Agent: Ascorbic Acid.",180.0,245.0,0.75,0.0125,48.9,1.8,3.38,10.0,305.0,47.1,441.0,1.35,0.022500000000000003,88.02,3.24,6.084,18.0,549.0,84.78,0,1,0,1
3270160695621,"Crevettes à l'indienne, lentilles corail et légumes",Picard,en:meals,"Lentille corail cuite 26,7%, queue de crevette crue décortiquée (CRUSTACÉS) 20%, eau, courgette 7,7%, yaourt nature brassé 1% de matière grasse (LAIT) 6,6%, carotte 5,5%, épinard 4,6%, tomate 4,6%, oignon 3%, poivron jaune 2,3%, échalote, lait de coco en poudre 1,1% [lait de noix de coco, maltodextrine, caséinate de sodium (LAIT)], fumet de POISSONS [eau, POISSONS, sel, huile de tournesol, vin blanc, fibre d'agrumes, oignon en poudre], huile d'olive vierge extra, beurre (LAIT), LAIT entier en poudre, jus de citron, farine de riz, ail, fibre de lin, huile de tournesol, sauce au POISSONS 0,15% (extrait de POISSONS (anchois), sel, eau), curcuma, coriandre en poudre, sel, basilic, cumin, gingembre, thym, cannelle, piment de cayenne.

Peut contenir des traces de: oeuf, arachide, céleri.",350.0,93.0,2.8,1.4,7.6,3.1,1.7,8.1,132.0,4.5,325.5,9.799999999999999,4.8999999999999995,26.599999999999998,10.85,5.95,28.349999999999998,462.0,15.75,0,1,0,0
6111037000599,Familia 200g,,en:plant-based-foods-and-beverages,"Margarine allégée (60%M.G.):Corps gras et huiles 100% végétales, eau, sel (1%), lécithine (E322), Monoglycéride (E471), Amidon, Sorbate de potassium (E202), Acide citrique (E330), Arôme, Antioxydant (E321), Colorant, Vitamines. Contient du soja.",4.0,532.0,60.0,21.0,0.2,5.0,0.0,0.2,0.0,0.0,21.28,2.4,0.84,0.008,0.2,0.0,0.008,0.0,0.0,1,0,1,1
3270160695881,Poulet et petites pâtes sauce aux champignons,Picard,en:meats-and-their-products,"Pâte cuite cuisinée 43,3% (origine Italie) [eau, semoule de _BLÉ_ dur (_GLUTEN_), huile de tournesol, sel], champignon de Paris 20,1% (origine UE), filet de poulet cuit rôti traité en salaison [filet de poulet 15,3% (origine : UE), eau, dextrose, fécule de pomme de terre, sel], crème liquide (_LAIT_), eau, emmental râpé (contient: _LAIT_) [origine France, Allemagne, Pays-Bas], farine de riz, _LAIT_ entier en poudre, beurre (_LAIT_), sel, extrait de poulet [eau, os et viande de poulet (origine: France)], persil, jus de citron, cèpe en poudre 0,09%, poivre blanc.

Peut contenir des traces de : oeuf, arachide, moutarde.",300.0,130.0,3.4,2.1,16.0,1.1,1.0,7.8,236.0,14.9,390.0,10.2,6.300000000000001,48.0,3.3000000000000003,3.0,23.4,708.0,44.7,0,1,0,0
6111245342696,Original Doux & crémeux,,en:dairies,"Kalser طبيعيا بالكالسيوم Préparation de fromage fondu à tartiner, 45% MG/ES. تحضيرة من جبنة مذوبة للدهن ، 45 مادة دسمة في المادة الجافة. المكونات / Ingrédients self 10 398 110 Eau, Fromage, Matière Grasse Végétale, Poudre de Lait Écrémé, Protéines de Lait, Amidon, Carraghénane, Sel de Fonte (E452, E450, E330), Sorbate de Potassium, Sel. ماء جبن دهون ،نباتية مسحوق حليب منزوع الدسم، بروتين الحليب، نشا، كاراجينان أملاح مستحلبة (452,450,330) ، ملح، سوربات البوتاسيوم. القيمة الغذائية في 100 غ / Valeurs nutritionnelles pour 100g القيمة الحرارية دهنيات 979 كيلوجول / Kcal 234 كيلو كالوري. g 18 غ g 12 غ 0111224091511155 ومنها أحماض دام E7:312 كربوهيدرات ومنها سكريات بروتينات Valeur énergétique. Matières grasses Dont acides gras saturés Glucides Dont sucres Protéines Calcium",100.0,253.0,21.0,0.0,6.0,0.0,0.0,10.0,0.0,6.0,253.0,21.0,0.0,6.0,0.0,0.0,10.0,0.0,6.0,0,1,1,0
3270160873555,4 Röstis de légumes et cheddar,Picard,en:plant-based-foods-and-beverages,"Pomme de terre 34%, carotte orange 18,5%, carotte jaune 18,5%, courgette 12,3%, cheddar blanc 6% (lait, sel, ferments lactiques, coagulant microbien, anti-agglomérant : amidon de pomme de terre), oignon préfrit à l'huile de tournesol, beurre concentré (lait), huile de colza, fécule de manioc, blanc d'œuf en poudre issu de poule élevée en plein air, sel, ail déshydraté, poivre.",100.0,118.0,6.2,2.7,10.0,2.4,1.9,3.9,160.0,7.6,118.0,6.2,2.7,10.0,2.4,1.9,3.9,160.0,7.6,0,0,0,0
3176582033563,Coulommiers Doux et Crémeux,"CF&R,Cœur de Lion,Savencia",en:dairies,"_Lait_ de vache, sel, ferments",30.0,283.0,23.0,16.0,1.0,0.0,0.1,18.0,600.0,1.0,84.89999999999999,6.8999999999999995,4.8,0.3,0.0,0.03,5.3999999999999995,180.0,0.3,1,0,0,0
3270160860166,Gnocchis au chèvre et aux épinards et à la sauce tomate,"Formule express, Picard",en:plant-based-foods-and-beverages,"Gnocchi de pomme de terre précuit 50% [semoule de blé dur (gluten), pomme de terre 16,5%, eau, sel], tomate pelée concassée 13,7% (purée de tomate, jus de tomate), eau, fromage de chèvre 6,5% (contient : lait), crème liquide (lait), épinard 4,4%, purée de tomate 3,6%, oignon, mozzarella (contient: lait), lait demi-écrémé, fromage à pâte dure (contient: lait), échalote, beurre (lait), huile d'olive vierge extra, farine de riz, basilic, farine de blé (gluten), sel, ail, thym, poivre blanc. Produit élaboré dans un atelier qui utilise : œuf, arachide. Convient aux végétariens (régime lacto-ovo-végétarien). Produit élaboré en France à partir de gnocchi et d'épinard origine UE.",1300.0,157.0,5.0,3.33,21.7,1.87,5.67,5.67,262.0,19.83,2041.0,65.0,43.29,282.09999999999997,24.310000000000002,73.71,73.71,3406.0,257.78999999999996,0,1,0,0
8052575090230,Nocciolata,Rigoni Di Asiago,en:breakfasts,"raw sugar, hazelnut paste 18,5%, sunflower oil, skimmed milk powder, low-fat cocoa powder 6,5%, cocoa butter, emulsifier: soy lecithin, vanilla extract",100.0,544.0,32.0,5.7,54.0,3.6,51.0,8.1,48.0,50.4,544.0,32.0,5.7,54.0,3.6,51.0,8.1,48.0,50.4,0,0,1,0
20022464,Extra dark 74% Cocoa,fin CARRÉ,en:snacks,"cocoa mass, sugar, cocoa butter, fat reduced cocoa powder, emulsifier: lecithins (soya), natural vanilla flavouring, dark chocolate contains: cocoa solids 74% minimum,",20.0,571.0,42.0,26.0,32.0,0.0,26.0,9.9,8.0,32.0,114.2,8.4,5.2,6.4,0.0,5.2,1.9800000000000002,1.6,6.4,0,0,1,0
3270160696871,"Lasagnes saumon, epinard",Picard,en:frozen-foods,"Epinards 20,6%, lait entier de écrémé réhydraté 20%, saumon Atlantique qualité sans arêtés* 15,4% (_poissons_), eau, pâte précuite [semoule de blé dur (_gluten_), eau, oeuf entier issu de poules élevées en plein air en poudre 0,1%, sel], crème fraîche liquide (_lait_), farine de blé (_gluten_), échalote, emmental râpé (contient : _lait_ , origine : Pays-Bas) 2,8%, vin blanc, fumet de poissons [eau, cabillaud (_poissons_), oignon, carotte, sel, épices, plantes aromatiques], jus de citron concentré, beurre (_lait_), sel, huile de tournesol, basilic, muscade, ail en poudre, poivre, curcuma. peut contenir des traces de : crustacés, soja, fruits à coque, céleri, moutarde, sésame, sulfites, mollusques.",100.0,102.0,3.7,1.9,10.0,1.5,1.7,6.3,280.0,8.5,102.0,3.7,1.9,10.0,1.5,1.7,6.3,280.0,8.5,0,0,0,0
5010029000801,Family Pack,Weetabix,en:plant-based-foods-and-beverages,"Wholegrain _Wheat_ (95%), Malted _Barley_ Extract, Sugar, Salt, Niacin, Iron, Riboflavin (B2), Thiamin (B1), Folic Acid.",40.0,362.0,2.0,0.6,74.0,10.0,4.2,12.0,110.0,64.0,144.8,0.8,0.24,29.6,4.0,1.6800000000000002,4.800000000000001,44.0,25.6,0,0,1,1
3270160862481,Aiguillettes de poulet au miel et aux épices semoule,Picard,en:meats-and-their-products,"Potiron 23,3%, duo de semoule de _blé_ dur réhydratée [semoule de _blé_ dur complète 11,4% (_gluten_), semoule de _blé_ dur 4,5% (_gluten_), eau, cumin, sel, cannelle, curcuma], morceaux d'aiguillette de poulet rôti traité en salaison [aiguillette de poulet 17,3% (origine : UE), eau, fécule de pomme de terre, sel], eau, carotte 11,5%, miel 2,7%, fibre de chicorée, oignon, raisin sec réhydraté 1,4% (raisin sec, eau, huile de coton), jus de citron, amidon de riz, _pistache_ hachée grillée 0,5%, basilic, fond de volaille (jus de cuisson de volaille, sel), huile d'olive vierge extra, _amande_ torréfiée 0,2%, purée d'ail, épices 0,13%, préparation à base de piment 0,08% (piment, purée de tomate, eau, sel, poivron, vinaigre d'alcool), sel, cannelle, cardamome, coriandre feuille, coriandre moulue.",330.0,123.0,1.5,0.3,17.0,4.7,4.9,8.4,140.0,12.3,405.9,4.949999999999999,0.9899999999999999,56.099999999999994,15.51,16.17,27.72,462.0,40.59,0,1,0,0
6111035002175,Sidi Ali,Sidi Ali,en:beverages-and-beverages-preparations,"Sodium, Calcium, Magnésium, Potassium, Bicarbonates, Sulfates, Chlorures,",100.0,0.0,0.0,0.0,0.0,0.0,0.0,0.0,26.0,0.0,0.0,0.0,0.0,0.0,0.0,0.0,0.0,26.0,0.0,1,0,1,1
3270160860333,"Poêlée de gnocchis (tomates, mozzarella)",Picard,en:plant-based-foods-and-beverages,"Gnocchi à la pomme de terre précuit (origine : Italie) [semoule de blé (gluten), pomme de terre déshydratée 19,4 %, eau, sel], purée de tomate 12,2%, oignon grillé 6,3 %, mozzarella 6 % [lait, sel, présure microbienne, acidifiant : acide citrique], tomate cerise 4.2 %; épinard 3,1 %, tomate cerise mi séchée 2,6 %, huile d'olive vierge extra, 2,3 %, basilic, ail, préparation d'oignon (jus d'oignon concentré, huile de tournesol), sel, poivre.
peut contenir des traces de : oeuf, arachide, moutarde.",300.0,159.0,4.1,1.4,24.0,2.7,8.4,5.2,240.0,21.3,477.0,12.299999999999999,4.199999999999999,72.0,8.100000000000001,25.200000000000003,15.600000000000001,720.0,63.900000000000006,0,1,0,0
4056489148739,NATURAL YOGURT,Milbona Lidl,en:dairies,Milk,1125.0,126.0,10.0,6.72,4.64,0.48,4.4,4.08,40.800000000000004,4.16,1417.5,112.5,75.6,52.199999999999996,5.3999999999999995,49.50000000000001,45.9,459.00000000000006,46.800000000000004,0,1,0,0
5036589255598,Organic Natural Yoghurt,Yeo Valley,en:dairies,"Organic Milk, bifidobacterium live culture",1100.0,72.0,3.8,2.5,4.9,0.0,4.9,4.2,47.0,4.9,792.0,41.8,27.5,53.900000000000006,0.0,53.900000000000006,46.2,517.0,53.900000000000006,0,1,0,0
6111035003004,Oulmes Eau Gazeuse,Oulmès,en:beverages-and-beverages-preparations,oulmes eau gazeuse.                                      oulmes eau.                                                       oulmes.                                                                eau drink.,1.0,0.0,0.0,0.0,0.0,0.0,0.0,0.0,31.4,0.0,0.0,0.0,0.0,0.0,0.0,0.0,0.0,0.314,0.0,1,0,1,1
3270160754656,Poêlée de légumes à la provencale,Picard,en:plant-based-foods-and-beverages,"Courgette grillée* 37,5%, tomate pelée* 20%, poivron jaune* 17%, oignon rouge grillé* 8%, huile d'olive vierge extra*, oignon* 4,2%, eau, olive noire entière dénoyautée saumurée* 2,5% [olive, eau, sel], ail*, basilic*, amidon de riz*, sel. *Issu(e) de l'agriculture biologique.",300.0,63.0,4.3,0.7,4.0,1.4,3.4,1.3,134.0,2.6,189.0,12.899999999999999,2.0999999999999996,12.0,4.199999999999999,10.2,3.9000000000000004,402.0,7.800000000000001,0,0,0,0
6111242103702,Yaourt Grec Muesli,Jaouda,en:dairies,"Lait frais, crème, poudre lait, sucre, amidon, préparation de céréales et de fruits secs (amandes, noix, miel, raisins secs, blé, avoine, seigle), ferments lactiques, arômes Matière grasse: 7%",110.0,140.0,7.0,4.0,16.1,0.0,9.0,3.3,0.0,16.1,154.0,7.700000000000001,4.4,17.710000000000004,0.0,9.9,3.63,0.0,17.710000000000004,0,0,1,0
3161711001971,Caprice des dieux,caprice des dieux,en:dairies,"pasteurized cow's milk and cream from france, salt, lactic ferments (milk)",125.0,333.0,30.0,21.0,0.8,0.0,0.1,15.0,551.0,0.8,416.25,37.5,26.25,1.0,0.0,0.125,18.75,688.75,1.0,1,1,0,0
4056489009191,Tortelloni Ricotta et épinards,"Baresa, Lidl, Ospelt food AG",en:plant-based-foods-and-beverages,"53% fourrage aux épinards et à la Ricotta (35% Ricotta (lactosérum (lait), acidifiant: acide citrique; sel), 20% épinards, flocons de pommes de terre (pommes de terre, antioxydant: extraits de romarin ; chapelure (farine de blé, levure, sel), huile de colza, poudre de lactosérum (lait), 5% Mascarpone (crème (lait), lait écrémé, acidifiant : acide citrique ; poudre de lactosérum (lait)), huile de colza totalement hydrogénée, farine de riz, sel iodé (sel, iodure de potassium), arôme naturel (contient lait), pâte d'ail (ail, sel), muscade moulue), 47% pâtes aux œufs (farine de blé, 30% œuf*, semoule de blé dur). *Issu de poules élevées au sol. Traces éventuelles de poissons, de crustacés, de fruits à coque, de sulfites, de céleri, de moutarde et de soja.",1250.0,276.0,10.8,4.5,34.2,0.0,3.5,9.2,384.0,34.2,3450.0,135.0,56.25,427.50000000000006,0.0,43.75,114.99999999999999,4800.0,427.50000000000006,0,1,0,0
3046920028004,70% chocolate,Lindt & Sprüngli,en:snacks,"Cocoa mass, sugar, cocoa butter, vanilla.",120.0,562.0,41.0,24.0,35.0,0.0,30.0,9.5,10.0,35.0,674.4,49.199999999999996,28.799999999999997,42.0,0.0,36.0,11.4,12.0,42.0,0,1,1,0
8445290615350,sauce tomate cuisinée,solis,en:condiments,"Tomato, tomato concentrate, water, non-hydrogenated sunflower oil, sugar, modified corn starch, salt, natural onion flavor, onion, garlic, white pepper",50.0,68.0,0.4,0.0,7.6,2.0,4.4,1.6,400.0,5.6,34.0,0.2,0.0,3.8,1.0,2.2,0.8,200.0,2.8,1,0,0,1
5056053308742,Vegetable and roast chicken soup,YORKSHIRE PROVENDER,en:meals,"Vegetables (49%) (potato, carrot, onion, savoy cabbage, broccoli, leek, celeriac (celery), parsnip, celery), water, chicken (5%) (roast chicken, chicken), roast chicken stock [water, roast chicken, yeast extract, salt, potato flake, chicken fat], double cream (milk), vegetable bouillon [salt, potato starch, dried vegetables (celeriac (celery), onion, garlic, tomato), spices (celery, turmeric, black pepper, mace, nutmeg), herbs (lovage, parsley)], unsalted butter (milk), garlic purée, fresh Yorkshire parsley, thyme, black pepper, salt",100.0,55.0,2.3,1.4,4.8,0.9,1.5,3.5,256.0,3.9,55.0,2.3,1.4,4.8,0.9,1.5,3.5,256.0,3.9,1,0,0,1
8001665705073,Rana spinach and ricotta fresh tortelloni,Rana,en:plant-based-foods-and-beverages,"Filling 53%: Ricotta Cheese (From Milk) 39%, Spinach 20%, Whey Powder (From Milk), Sunflower Oil, Breadcrumbs (Soft Wheat Flour, Water, Salt, Yeast), Mascarpone Cheese (From Milk), Starches (from Pea, Potato and Corn), Vegetable Fibres (from Corn and Potato), Potato Flakes, Natural Flavourings, Salt, Garlic, Nutmeg. Pasta 47%: Soft Wheat Flour, Eggs 30%, Durum Wheat Semolina.",1100.0,222.0,6.3,1.7,32.0,2.6,4.1,8.0,252.0,29.4,2442.0,69.3,18.7,352.0,28.6,45.099999999999994,88.0,2772.0,323.4,0,1,0,0
4088600246291,Seeded Sourdough Bread,Specially Selected,en:plant-based-foods-and-beverages,"Wheat Flour (Wheat Flour, Calcium Carbonate, Iron, Niacin, Thiamin), Water, MIXED SEEDS (10%) (Brown Linseed, Millet Seeds, Golden Linseed, Sunflower Seeds, Poppy Seeds, Pumpkin Seeds), Rye Flour, Malted Wheat, Salt, Wheat Bran, Malted Barley Flour,",158.0,265.0,4.9,0.6,43.0,5.5,0.5,9.5,0.8400000000000001,37.5,418.70000000000005,7.742000000000001,0.948,67.94,8.690000000000001,0.79,15.010000000000002,1.3272000000000002,59.25,0,1,1,0
3019081238643,Sardines Huile d'Olive Vierge Extra,Parmentier,en:seafood,"_Sardines_, huile d'olive vierge extra, sel",141.0,554.0,36.6,8.54,0.0,0.0,0.0,56.1,1170.0,0.0,781.14,51.606,12.041399999999998,0.0,0.0,0.0,79.101,1649.6999999999998,0.0,1,1,0,0
6111032008453,Danino,Danone,en:dairies,Danino,100.0,132.2,6.3,4.3,12.3,0.0,8.6,6.5,28.0,12.3,132.2,6.3,4.3,12.3,0.0,8.6,6.5,28.0,12.3,0,0,1,0
8076809523547,Pesto Rosso,Barilla,en:condiments,"Tomato pulp 37%, sunflower oil, tomato concentrate 15%, Grana Padano PDO cheese (milk, lysozyme from egg), cashews, sugar, salt, basil, Balsamic Vinegar of Modena (wine vinegar, cooked grape must) 2%, whey powder (milk), Pecorino Romano PDO cheese (sheep's milk), rice starch, garlic, acidity regulator: lactic acid, natural flavouring (milk).",50.0,329.0,29.0,3.4,12.0,2.3,7.8,3.8,1120.0,9.7,164.5,14.5,1.7,6.0,1.15,3.9,1.9,560.0,4.85,1,0,0,0
3229820160672,Croustillant Chocolat,Bjorg,en:plant-based-foods-and-beverages,"Flocons d'avoine complète, Flocons de blé complet, Chocolat noir 8% (pâte de cacao, sucre de canne non raffiné, beurre de cacao), Riz extrudé (farine de riz), Sucre de canne non raffiné, Farine de blé, Huile de tournesol, Miel, Stabilisant: gomme d'acacia, Mélasses, Flocons de noix de coco, Sel marin, Cannelle, Antioxydant: extrait riche en tocophérols.",60.0,433.0,14.0,3.8,62.0,9.8,14.0,9.8,112.0,52.2,259.8,8.4,2.28,37.199999999999996,5.88,8.4,5.88,67.2,31.32,0,0,1,0
3270160725915,"Colin d'Alaska au citron et au basilic, risotto verde",Picard,en:frozen-foods,"Filet de colin d'Alaska (POISSONS) qualité sans arête* 20,5%, riz cuit 22%, eau, petit pois 13,6%, crème fraîche liquide légère (LAIT) 7,1%, brocoli 6,1%, épinard 5,1%, LAIT écrémé en poudre, jus de citron 1%, tomate semi-déshydratée marinée (tomate, huile de colza, sel, origan, ail), farine de riz, amidon de maïs, fibre de chicorée, Parmigiano Reggiano AOP** (contient : LAIT) 0,4%, basilic 0,4%, bouillon de légumes (légumes et jus de cuisson de légumes, extrait de vin blanc, sel, huile de tournesol, extraits d'épices), échalote, sel, zeste de citron 0,08%, poivre.

* Malgré tout le soin apporté à la préparation de nos poissons, la présence exceptionnelle d'arête n'est jamais exclue.

** AOP: Appellation d'Origine Protégée.

Peut contenir des traces de : gluten.",350.0,85.0,1.6,1.0,11.0,2.1,1.2,6.2,108.0,8.9,297.5,5.6000000000000005,3.5,38.5,7.3500000000000005,4.2,21.7,378.0,31.150000000000002,0,1,0,0
3268840001008,CRISTALINE Eau De Source 0.5L,Cristaline,en:beverages-and-beverages-preparations,Eau de source,1.0,0.0,0.0,0.0,0.0,0.0,0.0,0.0,1.9040000000000001,0.0,0.0,0.0,0.0,0.0,0.0,0.0,0.0,0.01904,0.0,1,0,1,1
5201054017418,Fage Total 0% Yogurt,Fage,en:dairies,"Pasteurised skimmed milk, cultures (L. Bulgaricus, S. Thermophilus, L.Acidophilus, Bifidus, L. Casei)",1100.0,54.0,0.0,0.0,3.0,0.0,3.0,10.3,39.0,3.0,594.0,0.0,0.0,33.0,0.0,33.0,113.30000000000001,429.0,33.0,0,1,0,1
5000295142893,Mature Cheddar,Cathedral City,en:dairies,cheddar. contains milk.,130.0,416.0,34.9,21.7,0.1,0.0,0.1,25.4,708.0,0.1,540.8000000000001,45.37,28.21,0.13,0.0,0.13,33.019999999999996,920.4,0.13,1,1,0,0
5060042641000,Lightly sea salted crisps,Tyrrell's,en:plant-based-foods-and-beverages,"Kartoffeln, Sonnenblumenöl, Meersalz.",1100.0,476.0,27.0,2.4,49.0,5.5,0.64,6.2,332.0,43.5,5236.0,297.0,26.4,539.0,60.5,7.04,68.2,3652.0,478.5,0,1,0,0
6111203006653,Cheddar,la Hollandaise,en:dairies,"(AJR 30%) ¿S-250 (AJR 100%) ¿S 10 (AJR 30%) ¿L 3,5 (AJR 30%) ¿S 300 فيتامين A فيتامين D فيتامين E كالسيوم جبنة مذوبة للدهن 50% مواد دسمة في المادة الجافة. الوزن الصافي : - المكونات حليب خالي من الدسم مشكل شيدر %25، زبدة، أملاح مستحلبة (E452 E341 E450) بروتينات الحليب قلح، مادة حافظة: سوربات البوتاسيوم، الكالسيوم، فيتامين ED،A أنتج بالمغرب من م.ص. عين الـ يحفظ في مكا تاريخ الاستخـ Agrément sanitaire MA LPL.5.11.13 111203 006653 LOONEY TUNES TH www.LOONEYTUNES.COM TH&War Bros Certamente 615) // AJR = Apports j",100.0,270.0,21.0,12.0,6.0,0.0,6.0,9.0,600.0,6.0,270.0,21.0,12.0,6.0,0.0,6.0,9.0,600.0,6.0,0,0,0,0
5449000147417,Orange juice,Coca cola,en:beverages-and-beverages-preparations,"مشروب بعصير ولب البرتقال نسبة الفواكه 15% على الاقل. يحتوي على السكر و المحليات المكونات ماء, عصير ولب البرتقال,سكر, محمضات : 330 E300, مكثف: E440, :مستحلبات: E445,5414, نكهات طبيعية و مطابقة للطبيعية, محليات : E950,954, ملون 160a تمت التعبئة بواسطة كوبومي, تكنوبول مطار محمد الخامس - م.ص. النواصر الدار البيضاء الترخيص الصحى 7.8.16.AGSMAN: JNB لصالح شركات التعبئة المرخصة بالمغرب بموافقة شركة كوكاكولا تحفظ في مكان نظيف جاف وبارد. تاريخ الانتاج ) رقم الحصة P ويستحسـ الاستهلاك قبل نهاية (E), أنظر أعلى القنينة . * لكل 250 ملل السكر 17غ الدهون الملح SHE 2%* 0%* 19% 126 ملغ بالنسبة للحصص اليومية الموصى بها. تحتوي هذه القنينة على 1 لتر من المنتوج المعلومات الغذائية بالنسبة ل 100 ملل الطاقة: 159 كيلوجول/ 37 كيلو كالوري: - الدهون: 0غ بما فيها أحماض . مشبعة 0غ السكريات وغ بما فيها السكر: 7غ, البروتين أي 4 أكواب من 250 ملل الملح 50 ملغ 9 دهنية",1.0,39.0,0.0,0.0,9.3,5.0,17.0,0.0,50.4,4.300000000000001,0.39,0.0,0.0,0.09300000000000001,0.05,0.17,0.0,0.504,0.04300000000000001,1,0,1,1
3272770097642,Le Goût Primeur format familial,"Savencia, St Moret",en:dairies,"Lait et crème pasteurisés (Origine : France), protéines du lait, sel,",20.0,205.0,17.8,13.2,3.0,0.0,3.0,8.3,480.0,3.0,41.0,3.5600000000000005,2.64,0.6000000000000001,0.0,0.6000000000000001,1.6600000000000001,96.0,0.6000000000000001,1,0,1,0
3159470000120,Corn Flakes,Kellogg's,en:plant-based-foods-and-beverages,"corn, sugar, aroma of malt of barley, salt, vitamins and minerals : vitamin b3/pp, vitamin b6, vitamin b2, vitamin b1, vitamin b9, vitamin d, vitamin b12, iron,",30.0,378.0,0.9,0.2,84.0,3.0,8.0,7.0,440.0,81.0,113.39999999999999,0.27,0.06,25.2,0.8999999999999999,2.4,2.1,132.0,24.3,0,0,1,1
8801043150620,SHIN RAMYUN NOODLE,NONGSHIM,en:plant-based-foods-and-beverages,"noodles 89%: wheat flour, potato starch, palm oil, salt, acidity regulators: e501, e500, e339, antioxidant: e306, emulsifier: e322 (contains soy), seasoning (yeast extract, soybean, garlic, wheat starch), green tea extract, colour: e101, seasoning powder 9%: seasoning (hydrolyzed vegetable protein (soy), maltodextrin, yeast extract, salt, wheat flour), salt, spices (maltodextrin, black pepper, red chili pepper, garlic, corn flour),    flavour enhancers: e621, e627, e631, sugar, glucose, shiitake, vegetable mushroom flakes 2%: pak-choi, shiitake, textured vegetable protein (soy, wheat gluten), carrot, red chili pepper, onion, may contain barley, crustaceans, eggs, fish, peanuts, milk, celery, mustard, sesame seeds and molluscs,",1120.0,422.0,13.0,6.1,68.0,0.0,3.0,8.2,1520.0,68.0,4726.4,145.6,68.32,761.5999999999999,0.0,33.599999999999994,91.83999999999999,17024.0,761.5999999999999,0,1,0,0
5056053305703,Classic Chicken,New Covent Garden Soup Co,en:meals,"Water, potato 20%, onion, chicken 5%, single cream (milk) (4%), roast chicken stock (roast chicken, rehydrated potato, water, yeast extract, salt, chicken fat), cornflour, salted butter (butter (milk), salt), garlic puree, salt, black pepper.",5280.0,53.9,2.5,1.5,4.0,0.464,0.893,3.71,200.0,3.536,2845.9199999999996,132.0,79.19999999999999,211.2,24.4992,47.1504,195.88799999999998,10560.0,186.7008,0,1,0,0
5285000396437,,null,en:plant-based-foods-and-beverages,Pour in Poe خدا کی كس ع الكل 100 غ حمد الحنة 1 0 SA) } سرده سرده 5285000396437 743729 134131 44 A Net Weight Poid Net,100.0,467.0,21.0,8.0,62.0,3.0,5.0,9.0,1600.0,59.0,467.0,21.0,8.0,62.0,3.0,5.0,9.0,1600.0,59.0,0,0,0,0
6111242100985,,Jaouda,en:dairies,"lait ecremé, créme, ferments lactiques. Matière grasse: 6% Poids net:90g",90.0,101.0,6.0,0.0,4.2,0.0,0.0,7.6,0.0,4.2,90.9,5.4,0.0,3.7800000000000002,0.0,0.0,6.84,0.0,3.7800000000000002,1,0,1,0
7622210449283,Prince Goût Chocolat,LU,en:snacks,"Céréale 50 % (Farine de blé 34,8 %, farine de blé complet 15,2 %), sucre, huiles végétales (palme, colza), cacao maigre en poudre 4,5 %, sirop de glucose, amidon de blé, poudres à lever (carbonates d'ammonium, carbonates de sodium), émulsifiant (lécithines de soja), sel, lait écrémé en poudre, perméat de lactosérum (de lait), arômes. Peut contenir œuf.",20.0,465.0,17.5,5.5,70.0,4.0,31.5,6.5,200.0,66.0,93.0,3.5,1.1,14.0,0.8,6.300000000000001,1.3,40.0,13.200000000000001,0,0,1,0
6111035003523,,BAHIA,en:beverages-and-beverages-preparations,Eau,100.0,0.0,0.0,0.0,0.0,0.0,0.0,0.0,0.0,0.0,0.0,0.0,0.0,0.0,0.0,0.0,0.0,0.0,0.0,1,0,1,1
3412290070101,Paysan Breton - Le Fromage Fouetté Madame Loïk - Nature au Sel de Guérande,"Le Fromage Fouetté Madame Loïk, Paysan breton",en:dairies,"_Fromage_ frais, sel de Guérande 1,1%",100.0,252.0,24.0,17.3,3.0,0.0,3.0,5.9,440.0,3.0,252.0,24.0,17.3,3.0,0.0,3.0,5.9,440.0,3.0,1,0,0,0
3017620422003,Nutella,"Nutella,Ferrero",en:breakfasts,"Sucre, huile de palme, NOISETTES 13%, cacao maigre 7,4%, LAIT écrémé en poudre 6,6%, LACTOSERUM en poudre, émulsifiants: lécithines [SOJA), vanilline. Sans gluten.",15.0,539.0,30.9,10.6,57.5,0.0,56.3,6.3,42.8,57.5,80.85,4.635,1.5899999999999999,8.625,0.0,8.444999999999999,0.945,6.419999999999999,8.625,0,0,1,0
5056053305826,Covent garden soup,Covent Garden Soup Co,en:plant-based-foods-and-beverages,"water, potato (26%), leek (leek),  onion, milk, single cream, rapeseed oil, salt, chives, white pepper.",100.0,53.0,2.8,0.4,5.1,0.7,1.0,1.7,205.0,4.3999999999999995,53.0,2.8,0.4,5.1,0.7,1.0,1.7,205.0,4.3999999999999995,1,0,0,1
3155251205296,Tartine Doux,Primevère,en:plant-based-foods-and-beverages,"Huiles végétales non hydrogénées 54% (colza origine France, coco, palme, palmiste, lin), eau, émulsifiants (mono et diglycérides d'acides gras, lécithine de tournesol), sel, arômes naturels, antioxydant (extrait de romarin), jus de citron concentré, colorant (bêta-carotène), vitamine B1,",100.0,495.0,55.0,15.0,0.0,0.0,0.0,0.0,160.0,0.0,495.0,55.0,15.0,0.0,0.0,0.0,0.0,160.0,0.0,1,0,0,0
3523230028431,La bûche Sainte-Maure (Poitou-Charentes,Soignon,en:dairies,"Lait de chèvre pasteurisé (origine France), sel, ferments (dont lait).

Convient aux végétariens.",100.0,291.0,23.0,16.0,1.0,0.0,1.0,20.0,600.0,1.0,291.0,23.0,16.0,1.0,0.0,1.0,20.0,600.0,1.0,1,1,0,0
3175680015228,Levure de bière,Gerblé,en:condiments,"Levure de bière 93%, extrait de malt d'orge 7%",5.0,323.0,4.6,0.8,12.0,25.0,1.2,46.0,128.0,0.0,16.150000000000002,0.22999999999999998,0.04000000000000001,0.6000000000000001,1.25,0.06,2.3000000000000003,6.4,0.0,1,0,1,1
5000157062673,Cream of Tomato Soup,Heinz,en:plant-based-foods-and-beverages,"Tomatoes (89%), Water, Modified Cornflour Sugar, Rapeseed Oil, Dried Skimmed Milk, Salt, Cream (Milk), Milk Proteins, Acidity Regulator - Citric Acid, Spice Extracts, Herb Extract",1200.0,51.0,2.1,0.2,6.8,0.6,4.8,0.8,200.0,6.2,612.0,25.200000000000003,2.4000000000000004,81.6,7.199999999999999,57.599999999999994,9.600000000000001,2400.0,74.4,0,0,0,0
6111251753899,Olla,Olla,en:condiments,"Puré de tomate, aceite de girasol, azúcar, almidón modificado de maiz, sal, aroma de verduras.",100.0,73.0,3.3,0.3,8.7,1.3,2.3,1.3,900.0,7.3999999999999995,73.0,3.3,0.3,8.7,1.3,2.3,1.3,900.0,7.3999999999999995,0,0,0,0
6111032001003,Assil,Danone,en:dairies,"ليوغور م.د,%2. مصنوع إخط قد يمكن أن يحتوي على الگلوتين، الجوز والبندق. 2.",3.0,95.5,2.7,1.8,14.0,2.0,9.0,3.4,0.0,12.0,2.8649999999999998,0.081,0.054,0.42,0.06,0.27,0.102,0.0,0.36,1,0,1,1
6111032008583,,Gervais,en:dairies,حليب بدون قشدة ،قشدة ،مسحوق حليب بدون قشدة، سكر، كلورور الكالسيوم،  خمائر حليبية,100.0,137.0,7.0,4.8,11.7,0.0,7.2,7.0,200.0,11.7,137.0,7.0,4.8,11.7,0.0,7.2,7.0,200.0,11.7,0,0,0,0
5010029000016,Weetabix,Weetabix,en:plant-based-foods-and-beverages,"Wholegrain Wheat (95%), Malted Barley Extract, Sugar, Salt, Niacin, Iron, Riboflavin (B2), Thiamin (B1), Folic Acid.",238.0,358.0,2.11,0.526,68.4,10.0,4.21,11.8,103.0,58.400000000000006,852.04,5.0218,1.25188,162.792,23.799999999999997,10.0198,28.084,245.14,138.99200000000002,0,1,0,0
6111248360130,Aïn Soltane,سلطان,en:beverages-and-beverages-preparations,Minéralisation en mg/t كالسيوم بيكربونات صوديوم كلورير نترات بوتاسيوم سلفات Magnésium 44 Calcium 70-&gt; Bicarbonates 402 • Sodium 4 Chlorures 7.1 Nitrates 16 Potassium 1 Sulfates 3.7,33.0,0.0,0.0,0.0,0.0,0.0,0.0,0.0,0.0,0.0,0.0,0.0,0.0,0.0,0.0,0.0,0.0,0.0,0.0,1,0,1,1
3083681116939,Poêlée Paysanne 750g,Bonduelle,en:plant-based-foods-and-beverages,"Pommes de terre préfrites 20% (pommes de terre 19%, huile de tournesol, dextrose), brocolis 20%, carottes 20%, pois gourmands 12%, champignons de Paris 7%, oignons, eau, CREME fraîche, huile de tournesol, farine de BLE, ciboulette, sel, ail, arômes naturels, extrait de levure, poivre. Peut contenir : CÉLERI",150.0,67.0,2.7,0.7,7.4,3.3,2.3,1.7,284.0,4.1000000000000005,100.5,4.050000000000001,1.0499999999999998,11.100000000000001,4.949999999999999,3.4499999999999997,2.55,426.0,6.15,0,0,0,0
8076802085981,Fusilli Nudeln,Barilla,en:plant-based-foods-and-beverages,"Hartweizengrieß, Wasser.",80.0,359.0,2.0,0.5,71.0,3.0,3.5,13.0,4.0,68.0,287.2,1.6,0.4,56.800000000000004,2.4000000000000004,2.8000000000000003,10.4,3.2,54.400000000000006,0,1,1,1
8076802085738,Penne Rigate N°73,Barilla,en:plant-based-foods-and-beverages,"_Hartweizengrieß_, Wasser.",85.0,359.0,2.0,0.5,71.0,3.0,3.5,13.0,4.0,68.0,305.15,1.7,0.425,60.35,2.55,2.975,11.049999999999999,3.4,57.8,0,1,1,1
6111032006619,Jamila رايبي,Danone,en:beverages-and-beverages-preparations,"Lait sans crème, sucre, crème, poudre de lait sans crème, protéines du lait, matière grasse laitiere, colorant naturel",100.0,72.0,1.7,1.1,12.4,0.0,9.0,1.9,0.0,12.4,72.0,1.7,1.1,12.4,0.0,9.0,1.9,0.0,12.4,0,0,1,1
5056053305802,Vegetable soup,New Covent Garden,en:plant-based-foods-and-beverages,"water, carrot (18%), potato (12%), onion (6%), swede (6%), turnip (6%), parsnip (4%), cauliflower (4%), celery (4%), red split lentils (1.5%), milk, single cream (milk), rapeseed oil, salt, parsley, white pepper. for allergens see ingredients in bold.",5280.0,32.1,0.786,0.214,5.54,1.57,1.57,1.5,155.0,3.9699999999999998,1694.8799999999999,41.5008,11.299199999999999,292.512,82.896,82.896,79.19999999999999,8184.0,209.61599999999999,0,1,0,0
3362600011228,Sable coco Henry s 42g,Henry's,en:snacks,"Farine de _froment_, sucre, graisse végétale, noix de coco râpée, poudre de _lait_, poudre de _lactosérum_, sucre inverti, agents levants (bicarbonate d'ammonium - bicarbonate de Sodium), sel, arômes.",42.0,443.0,12.4,7.14,73.8,2.38,23.8,7.62,360.0,71.42,186.06,5.208,2.9987999999999997,30.996,0.9995999999999999,9.996,3.2004,151.2,29.9964,0,0,0,0
6111242102767,Yaourt tendre,,en:dairies,"Lait frais, crème, sucre, poudre de lait écrémé, ferments lactiques, arôme, vitamines A et D3",100.0,121.0,5.0,0.0,14.9,0.0,14.9,4.2,0.0,14.9,121.0,5.0,0.0,14.9,0.0,14.9,4.2,0.0,14.9,0,0,1,0
5010003064744,Seed Sensations,Hovis,en:plant-based-foods-and-beverages,"Wheat Flour (Calcium, Iron, Niacin, Thiamin), Water, Seed Mix 13% (Toasted Brown Linseed, Toasted Sunflower Seeds, Pumpkin Seeds, Sunflower Seeds, Millet Seeds, Golden Linseed, Poppy Seeds), Yeast, Wheat  Protein, Salt, Soya Flour, Malted Barley Flour, Granulated Sugar, Barley Flour, Preservative (E282), Caramelised Sugar, Barley Fibre, Emulsifier (E472e), Flour Treatment Agent (Ascorbic Acid).",144.0,277.0,6.59,0.682,42.0,5.23,3.86,10.0,355.0,36.769999999999996,398.88,9.4896,0.9820800000000001,60.48,7.5312,5.5584,14.399999999999999,511.2,52.94879999999999,0,1,0,0
20443375,Azeitonas Lidl,Baresa,en:plant-based-foods-and-beverages,"green olives, water, table salt, acidifier: citric acid, antioxidant: ascorbic acid,",1100.0,172.0,18.0,3.0,0.0,2.3,0.0,1.0,1200.0,0.0,1892.0,198.0,33.0,0.0,25.299999999999997,0.0,11.0,13200.0,0.0,1,1,0,0
4056489007180,pain de mie grandes tranches spécial sandwich complet,"Lidl,Maître Jean Pierre",en:plant-based-foods-and-beverages,"Farine de _blé_ complet 60%, eau, farine de _blé_, huile de colza, sucre, levure, sel, farine de fève, correcteur d'acidité (acétates de sodium), arôme naturel, alcool",375.0,258.0,4.5,0.5,43.0,6.3,5.0,8.3,400.0,36.7,967.5,16.875,1.875,161.25,23.625,18.75,31.125000000000004,1500.0,137.625,0,1,0,0
3229820782560,"Muesli SuperFruits Raisins, cassis,cranberry, myrtille",Bjorg,en:plant-based-foods-and-beverages,"Flocons d'avoine* complète, Raisins secs* 16% (raisins secs*, huile de tournesol*), Flocons de blé* complet, Flocons d'épeautre complet* (blé), Flocons de blé, Amandes entières*, Cassis lyophilisés* 1%, Cranberries lyophilisées* 0,6%, Myrtilles lyophilisées* 0,5%. Peut contenir des traces de lait, d'autres fruits à coque, de graines de sésame, de soja. *Ingrédients biologiques.",70.0,358.0,6.0,0.9,60.0,10.0,13.0,11.0,16.0,50.0,250.6,4.199999999999999,0.63,42.0,7.0,9.1,7.699999999999999,11.2,35.0,0,0,1,0
80177173,Nutella,Ferrero,en:breakfasts,"Sugar, palm oil, _hazelnuts_ (13%), skimmed _milk_ powder (8,7%), fat-reduced cocoa (7,4%), emulsifier: lecithins (_soya_), vanillin.",15.0,539.0,30.9,10.6,57.5,0.0,56.3,6.3,42.8,57.5,80.85,4.635,1.5899999999999999,8.625,0.0,8.444999999999999,0.945,6.419999999999999,8.625,0,0,1,0
20005733,Walnusskerne naturbelassen,Alesto,en:plant-based-foods-and-beverages,Walnusskerne.,100.0,712.0,69.1,6.8,3.7,6.8,3.0,15.5,20.0,0.0,712.0,69.1,6.8,3.7,6.8,3.0,15.5,20.0,0.0,1,1,1,0
8852018101024,Chicken Flavour,Yum Yum,en:plant-based-foods-and-beverages,"_Weizenmehl_ (_Gluten_), Palmöl (Palmöl, Antioxidationsmittel: E306), Salz, Tapiokastärke, modifizierte Tapiokastärke, Knoblauch 1,7%, Aroma, Geschmacksverstärker: E621, E635, Zucker, Chili 0,5%, Frühlingszwiebel 0,1%, Pfeffer 0,1%, Maisstärke, Säuerungsmittel: E296, Verdickungsmittel: E466, Hefeextrakt, Farbstoff: E150c",1480.0,62.9,3.54,1.42,6.88,0.31,0.27,0.98,252.0,6.57,930.9200000000001,52.392,21.016,101.824,4.588,3.9960000000000004,14.504,3729.6000000000004,97.236,0,1,0,0
6111260232095,El Mejor chef fromage 16p,null,en:dairies,"4G اسم المنتج الكمية العلامات التجارية بلد البيع en:Morocco صورة المنتج Chef 16 صورة المكونات 74 19:04 Ingrédients: sucre de canne*, pâte de noisettes* 18,5%, huile de tournesol*, lait écrémé en poudre*, cacan mains",100.0,0.0,0.0,0.0,0.0,0.0,0.0,0.0,0.0,0.0,0.0,0.0,0.0,0.0,0.0,0.0,0.0,0.0,0.0,1,0,1,1
3229820019307,Flocons d'avoine,Bjorg,en:plant-based-foods-and-beverages,Flocons d'_avoine_ complète issue de l'agriculture biologique.,60.0,362.0,7.1,1.3,58.0,11.0,1.7,11.0,8.0,47.0,217.2,4.26,0.78,34.8,6.6,1.02,6.6,4.8,28.2,0,0,1,0
3248833087967,Riz à la cantonaise,Marie,en:meats-and-their-products,"Riz parfumé cuit 59,4%, eau, oeufs 6,6% (oeufs entiers de poules élevées en plein air 4,9%, eau, huile de colza, amidon de pomme de terre, sel, jus de citron concentré, poivre, curcuma, paprika), jambon cuit supérieur fumé 4,4% (jambon de porc origine France, sel, arômes naturels*, antioxydant : acide ascorbique), petits pois 4,4%, carottes 4,4%, oignons préfrits (oignons, huile de tournesol), fond de volaille (jus et graisse de volaille : poulet, dinde, canard, oie; carottes, sel, plantes aromatiques), huile de colza, sel, extrait de langoustines, purée de gingembre 0,1%, huile de sésame grillé.",1100.0,130.0,3.1,0.5,21.0,0.8,0.5,4.2,264.0,20.2,1430.0,34.1,5.5,231.0,8.8,5.5,46.2,2904.0,222.2,0,1,0,0
3036811363147,PurSoup' Velouté de 10 légumes,liebig,en:plant-based-foods-and-beverages,"Eau, légumes 42% (jus de tomates à base de concentré, pomme de terre, carotte, oignon, poireau, potiron, céleri, petit pois, navet,chou-fleur), amidon transformé de maïs, huile de colza, beurre de cuisine, sel, lait écrémé en poudre, arômes (contient lait),",250.0,42.4,1.92,0.6,5.2,0.8,1.32,0.72,272.0,4.4,106.0,4.8,1.5,13.0,2.0,3.3000000000000003,1.7999999999999998,680.0,11.0,0,0,0,0
8076800376999,Lasagne all'uovo,Barilla,en:plant-based-foods-and-beverages,"Semola di grano duro, uova fresche di categoria A (19.36%).",543.0,368.0,4.0,1.0,68.0,3.0,3.0,14.0,32.0,65.0,1998.2399999999998,21.72,5.43,369.24,16.29,16.29,76.02,173.76,352.95,0,1,0,0
6111266962576,,COPAG,en:dairies,حليب طرى كامل الدسم، قشدة سكر، مسحوق الحليب بدون قشدة، مخثر : نشا، خمائر حليبية مختار.,90.0,163.6,6.7,4.9,19.4,0.0,8.5,6.4,0.0,19.4,147.24,6.03,4.41,17.46,0.0,7.65,5.760000000000001,0.0,17.46,0,0,1,0
6111028000980,Kiri carré 8p,Kiri,en:dairies,"fromage blanc, lait écrémé réhydraté, matière grasse laitière, protéines de lait, sels de fonte (polyphosphate, phosphate tricalcique), acide citrique, amidon modifié, sel, épaississant (carraghénane)",16.0,230.0,20.0,13.0,3.5,0.0,2.0,9.0,640.0,3.5,36.800000000000004,3.2,2.08,0.56,0.0,0.32,1.44,102.4,0.56,1,0,1,0
8076809529433,Barilla Penne Rigate Fullkorn 500g,Barilla,en:plant-based-foods-and-beverages,"Fuldkorns _durumhvede_, Vand",80.0,347.0,2.5,0.5,64.0,8.0,3.5,13.0,4.0,56.0,277.6,2.0,0.4,51.2,6.4,2.8000000000000003,10.4,3.2,44.800000000000004,0,1,1,1
6111184001203,Moutarde 10.50 g,Star,en:condiments,"Eau, graines de moutarde, vinaigre de table, sel, huile de soja, stabilisants (E412), conservateur E224 et antioxydant E330",100.0,158.7,11.19,0.71,7.07,0.0,1.94,7.44,2616.0,7.07,158.7,11.19,0.71,7.07,0.0,1.94,7.44,2616.0,7.07,0,0,0,0
8000500310427,Biscuits croquants au coeur onctueux de Nutella®,Nutella,en:snacks,"Pâte à tartiner aux NOISETTES et au cacao 40% (sucre, huile de palme, NOISETTES 13%**, LAIT écrémé en poudre 8,7%**, cacao maigre 7,4%**, émulsifiants : lécithines [SOJA]; vanilline), farine de FROMENT 32,5%, graisses végétales (palme, palmiste), sucre de canne (contient BLE) 8,5%, LACTOSE, son de BLE, LAIT en poudre, miel, poudres à lever (diphosphate disodique, carbonate acide de sodium, carbonate acide d'ammonium), farine d'ORGE malté, cacao maigre en poudre, sel, extrait en poudre de malt d'ORGE et de maïs, amidon de FROMENT, émulsifiants: lécithines [SOJA]; vanilline.",138.0,515.0,24.8,11.5,64.0,0.0,35.8,7.9,223.6,64.0,710.6999999999999,34.224,15.87,88.32,0.0,49.40399999999999,10.902,308.568,88.32,0,1,0,0
87157215,Tomato Ketchup,Heinz,en:condiments,"Tomates, vinaigre, sucre, sel, extraits d'épices et d'herbes, céleri, épice.",10.0,102.0,0.1,0.1,23.2,0.0,22.8,1.2,720.0,23.2,10.200000000000001,0.010000000000000002,0.010000000000000002,2.32,0.0,2.2800000000000002,0.12,72.0,2.32,1,0,1,1
6111184001661,Star vinaigre de table BLANC,Star,en:condiments,vinaigre de table,100.0,1.0,0.0,0.0,0.15,0.0,0.15,0.0,0.0,0.15,1.0,0.0,0.0,0.15,0.0,0.15,0.0,0.0,0.15,1,0,1,1
6111250472241,Bol Bol Ketchup,Bol&Bol,en:condiments,"Eau, sucre, concentré de tomate, vinaigre de table, amidon de pomme de terre modifié, sel et arôme.",100.0,122.0,0.1,0.0,28.0,0.0,25.0,1.0,1400.0,28.0,122.0,0.1,0.0,28.0,0.0,25.0,1.0,1400.0,28.0,0,0,0,1
6111099003897,,lilia,en:plant-based-foods-and-beverages,"زيوت نباتية مصفاة غير مهدرجة مل طيب نشأ الفرد مستحبات (2471) و (478) تسكين الصوجا (1222) حمض السورية (200) السيتريك (2300) مضادات الأكسدة سوريات البوتاسيوم (1202) حم خليط الشوكوفيرولات)، منكم ملون (1600) وفينا , AU : يحفظ في مكان بارد درجة TERR All FRANS : Tents",100.0,675.0,75.0,34.0,0.2,0.0,0.0,0.1,200.0,0.2,675.0,75.0,34.0,0.2,0.0,0.0,0.1,200.0,0.2,1,0,0,0
7300400481588,FIBRES,Wasa,en:plant-based-foods-and-beverages,"Farine complète de SEIGLE 59 g*, son de BLÉ 27 g*, flocons d'AVOINE 12 g*, GRAINES DE SÉSAME 7,0 g*, germe de BLÉ, sel. *en g pour 100 g de produit fini. Peut contenir des traces de LUPIN, LAIT, MOUTARDE et SOJA.",101.0,333.0,5.0,1.0,47.0,26.0,2.0,12.0,480.0,21.0,336.33,5.05,1.01,47.47,26.26,2.02,12.120000000000001,484.8,21.21,0,1,0,0
20267605,Cashewkerne,"Alesto, 05 x Lidl 10.25",en:plant-based-foods-and-beverages,Cashews,100.0,600.0,47.6,9.0,19.8,5.2,6.5,20.5,8.0,14.600000000000001,600.0,47.6,9.0,19.8,5.2,6.5,20.5,8.0,14.600000000000001,0,1,1,0
3046920022651,Excellence Noir Intense 70% Cacao,Lindt,en:fermented-foods,"Pâte de cacao, sucre, beurre de cacao, vanille.

Peut contenir des fruits à coque, du lait, du soja et des graines de sésame.",10.0,566.0,41.0,24.0,35.0,0.0,30.0,9.5,8.0,35.0,56.6,4.1000000000000005,2.4000000000000004,3.5,0.0,3.0,0.9500000000000001,0.8,3.5,1,0,1,0
8852018101017,YumYum Beef,Yum Yum,en:plant-based-foods-and-beverages,"_Weizenmehl_, Palmöl (Palmöl, Antioxidationsmittel: E319, E320), Tapiokastärke, Salz, Gemüse (Kohl, Knoblauch), Geschmacksverstärker: E621, E635, Zucker, Gewürze (Chili, Pfeffer, Sternanis, Ingwer, Zimt), Glukosesirup, _Sojasaucenpulver _(_Sojabohnen, _Weizen_, Glukosesirup, Maltodextrin, Farbstoff: E150c, Säuerungsmittel: E330, Palmöl), Säureregulatoren: E500, E452, E451, Säuerungsmittel: E296, Farbstoff: E150c, Aroma, Verdickungsmittel: E466, Hefeextrakt.",380.0,76.1,3.68,1.68,8.95,0.0,0.395,1.37,384.0,8.95,289.17999999999995,13.984,6.3839999999999995,34.01,0.0,1.501,5.206,1459.1999999999998,34.01,0,0,0,0
3760049790214,Pain De Mie Bio,"La Boulangère,La Boulangère Bio",en:plant-based-foods-and-beverages,"wheat flour*, water, whole wheat flour* 13%, brown cane sugar*, yeast, rapeseed oil*, apple cider vinegar*, wheat bran*, salt, wheat gluten*, ascorbic acid, possible traces of soy",3571357.0,268.0,4.2,0.4,47.0,4.9,6.3,8.1,440.0,42.1,9571236.76,149996.994,14285.428,1678537.79,174996.49300000002,224995.49099999998,289279.91699999996,15713970.8,1503541.297,0,1,0,0
0680569854124,Fermented Coconut Yoghurt Alternative,The Coconut Collab,en:plant-based-foods-and-beverages,"Coconut Milk (67%), Coconut Water (28%), Corn Flour, Corn Fibre, Potato Flour, Fruit Pectin, Cultures (S. Thermophilus + L. Bulgaricus, Lactobacillus Acidophilus, Bifidobacterium Lactis)",100.0,120.0,10.0,9.0,6.9,1.0,1.6,1.2,0.0,5.9,120.0,10.0,9.0,6.9,1.0,1.6,1.2,0.0,5.9,0,0,1,0
5056053305789,Mushroom Soup,New Covent Garden Soup Co,en:plant-based-foods-and-beverages,"Water, mushroom (31%), potato, onion, brown rice, cornflour, mushroom stock [rehydrated mushroom (mushroom concentrate, water, mushroom powder), salt, cornflour], rapeseed oil, salt, parsley, garlic puree, black pepper.",5280.0,35.7,1.07,0.179,4.75,0.857,0.179,1.32,186.0,3.893,1884.96,56.496,9.451199999999998,250.79999999999998,45.249599999999994,9.451199999999998,69.696,9820.8,205.55039999999997,0,1,0,0
3270160193301,4 filets de cabillaud panure croustillante,Picard,en:seafood,"Filet de cabillaud (poisson) 65%, farine de blé, huiles de tournesol et de colza, eau, levure, sel, gluten de blé",100.0,193.0,8.1,0.9,17.0,1.3,1.8,12.0,184.0,15.7,193.0,8.1,0.9,17.0,1.3,1.8,12.0,184.0,15.7,0,1,0,0
5000354924712,Medium Egg Noodles imp,"Sharwood's,Premier Foods",en:plant-based-foods-and-beverages,"Wheat Flour, Pasteurised Egg (2%), Salt, Acidity Regulator (Potassium Carbonate). Allergy Advice: For allergens, including cereals containing gluten, see ingredients in bold. May also contain milk, sesame and soya.",1145.0,142.0,0.828,0.207,27.6,1.59,0.483,5.38,103.0,26.01,1625.8999999999999,9.480599999999999,2.3701499999999998,316.02,18.2055,5.530349999999999,61.60099999999999,1179.35,297.8145,0,1,0,0
20047559,Greek Style Yoghurt,Milbona,en:dairies,"cream, skimmed milk retentate, microbial cultures,",125.0,122.0,10.0,6.64,3.2,0.0,3.2,4.64,41.6,3.2,152.5,12.5,8.299999999999999,4.0,0.0,4.0,5.8,52.0,4.0,1,0,1,0
7613036669146,NESTLE CHOCAPIC BIO Céréales 375g,"Nestlé,Chocapic",en:plant-based-foods-and-beverages,"Farine de BLÉ complet* 34,8 %, chocolat en poudre 23,9 % (sucre*, cacao en poudre**), farine de BLÉ*, semoule de maïs*, sirop de glucose*, extrait de malt d'ORGE*, huile de tournesol*, sel, arôme naturel de vanille, arôme naturel de cannelle. Peut contenir du LAIT et des FRUITS À COQUE. *ingrédients issus de l'agriculture biologique. **Bilan massique certifié Rainforest Alliance. www.ra.org/fr. Nestlé achète une quantité de cacao certifié Rainforest Alliance équivalente à celle nécessaire pour ce produit.",30.0,390.0,5.6,1.6,71.7,8.2,19.9,9.1,80.0,63.5,117.0,1.68,0.48,21.51,2.4599999999999995,5.97,2.73,24.0,19.05,0,0,1,1
8076809523509,Pâtes linguine collezione 500g,Barilla,en:plant-based-foods-and-beverages,Semoule de blé dur. Peut contenir des traces de soja et de moutarde.,80.0,359.0,2.0,0.5,71.0,3.0,3.5,13.0,4.0,68.0,287.2,1.6,0.4,56.800000000000004,2.4000000000000004,2.8000000000000003,10.4,3.2,54.400000000000006,0,1,1,1
8076800105056,Pâtes spaghetti n°5 1kg,Barilla,en:plant-based-foods-and-beverages,"Semoule de BLÉ dur, eau. Peut contenir des traces de SOJA et de MOUTARDE.",80.0,359.0,2.0,0.5,71.0,3.0,3.5,13.0,4.0,68.0,287.2,1.6,0.4,56.800000000000004,2.4000000000000004,2.8000000000000003,10.4,3.2,54.400000000000006,0,1,1,1
6111035502828,Eau minéral naturelle,Ain atlas,en:beverages-and-beverages-preparations,0800 94 Aïn Atlas EAU MINÉRALE NATURELLE 55 VOTRE CAFÉ POUR ACCOMPAGNER An Atlas ANNEMANG BLE,100.0,0.0,0.0,0.0,0.0,0.0,0.0,0.0,0.0,0.0,0.0,0.0,0.0,0.0,0.0,0.0,0.0,0.0,0.0,1,0,1,1
5060262485408,Miso Easy (Traditional),Itsu,en:plant-based-foods-and-beverages,"soybean paste (water, soya bean, rice, salt), water, alcohol, yeast extract powder, salt, sugar, seasoned kelp extract (kelp, salt, dextrin)",21.0,100.0,3.33,0.476,8.1,0.0,5.24,8.1,3430.0,8.1,21.0,0.6993,0.09996,1.7009999999999998,0.0,1.1004,1.7009999999999998,720.3,1.7009999999999998,1,0,0,1
3760049791006,Tartines campagne 450g,La boulangere,en:plant-based-foods-and-beverages,"Farine de BLÉ* 57 %, eau, huile de colza, GLUTEN DE BLÉ, levure, semoule de BLÉ dur, levains de BLÉ dévitalisés, sel, arôme naturel (contient alcool), conservateur : propionate de calcium, farine de SEIGLE, farine d'ORGE maltée torréfiée, levure désactivée, farine de BLÉ malté torréfié, antioxydant : acide ascorbique. Traces éventuelles d'œufs, soja et lait.* Ingrédient issu du commerce équitable français.",3751375.0,274.0,6.5,0.5,43.0,3.9,2.6,8.9,480.0,39.1,10278767.5,243839.375,18756.875,1613091.25,146303.625,97535.75,333872.375,18006600.0,1466787.625,0,1,0,0
4088600072517,Baked Beans in a Rich Tomato Sauce,Bramwells,en:plant-based-foods-and-beverages,"haricot beans 50%, tomato 35%, water, sugar, modified maize starch, salt, onion powder, ground paprika, flavourings, paprika extract,",205.0,91.0,0.5,0.1,14.5,4.7,4.8,4.7,212.0,9.8,186.54999999999998,1.025,0.205,29.724999999999998,9.635,9.839999999999998,9.635,434.59999999999997,20.09,0,0,0,1
01498257,"Spicy tomato, lentil and red pepper soup",By Sainsbury's,en:plant-based-foods-and-beverages,"Tomato (38%), Water, Red Split Lentils (10%), Onion, Red Peppe (6%), Chipotle Chilli Paste (Sugar, Red Pepper Juice, Molasses, Tomato Puree, Water, Salt, Chipotle Chilli, Smoked Paprika, Jalapeño Pepper, Onion Salt, White Wine Vinegar, Garlic Salt), Tomato Puree, Rapeseed Oil, Cornflour, Sugar, Garlic Puree, Salt, Parsley",100.0,65.0,1.3,0.1,8.8,0.0,3.6,3.7,200.0,8.8,65.0,1.3,0.1,8.8,0.0,3.6,3.7,200.0,8.8,0,0,0,1
6111128000088,ain saiss 50cl,عين سايس,en:beverages-and-beverages-preparations,Eau.,100.0,0.0,0.0,0.0,0.0,0.0,0.0,0.0,0.0,0.0,0.0,0.0,0.0,0.0,0.0,0.0,0.0,0.0,0.0,1,0,1,1
6111162000839,Confiture de fraise,Délicia,en:plant-based-foods-and-beverages,"Fraises, sucre.",430.0,250.0,0.3,0.0,61.33,0.0,63.0,0.5,0.0,61.33,1075.0,1.2899999999999998,0.0,263.719,0.0,270.9,2.15,0.0,263.719,0,0,1,1
8410111211202,Atun,Isabel,en:seafood,القيمة الغذائية المشار القيم(إليها في 0 10غ من المنتوج )المقطر,100.0,198.0,10.0,1.5,0.0,0.0,0.0,27.0,480.0,0.0,198.0,10.0,1.5,0.0,0.0,0.0,27.0,480.0,0.0,1,1,0,0
4088600060880,Authentic Greek Yogurt,Brooklea,en:dairies,greek yogurt,11.0,132.0,10.0,6.7,4.6,0.0,3.1,5.9,55.0,4.6,14.52,1.1,0.737,0.506,0.0,0.341,0.649,6.05,0.506,1,0,1,1
5391511420209,"Cully & sully, Chicken Vegetable Soup",Cully & Sully,en:meals,"water, carrots (19%), potatoes (11%), onions (8%), chicken breast (4%), leeks, cream (milk), butter (milk), celery (2%), chicken stock [salt, maltodextrin, yeast extract, flavouring, herbs and spices (pepper, turmeric, parsley), sugar, vegetables (onions, celery, carrots), chicken, sunflower oil, chicken fat, citrie acid, caramelised sugar),",1100.0,68.0,4.3,2.6,4.7,1.3,2.3,1.9,315.0,3.4000000000000004,748.0,47.3,28.6,51.7,14.3,25.299999999999997,20.9,3465.0,37.400000000000006,0,1,0,0
6111242102781,Tendre nature,"Tendre, jouda",en:dairies,"Lait frais, crème, sucre, poudre de lait écrémé, ferments lactiques,",3.0,119.0,5.0,4.2,14.3,0.0,9.0,4.2,0.0,14.3,3.57,0.15,0.126,0.429,0.0,0.27,0.126,0.0,0.429,1,0,1,1
3760049798609,Pain de mie grandes tranches Seigle & Graines 500g,la Boulangère,en:plant-based-foods-and-beverages,"Farine de BLÉ* 41 % , eau, graines de lin brun 6,1 %, graines de lin jaune 6,1 %, graines de tournesol décortiquées 6 %, farine de SEIGLE 5,1 %, GLUTEN DE BLÉ, farine d'ORGE maltée torréfiée, levure, extrait de malt d'ORGE, sel, vinaigre, arôme naturel (contient alcool), conservateur : propionate de calcium, jus d'acérola déshydraté. Traces éventuelles d'œufs, lait, graines de sésame, soja et moutarde. * Ingrédient issu du commerce équitable français.",357357.0,297.0,9.6,1.0,37.0,7.2,4.2,12.0,384.0,29.8,1061350.29,34306.272,3573.57,132222.09,25729.704,15008.994,42882.840000000004,1372250.8800000001,106492.38600000001,0,1,0,0
4088600327587,Dark Rye Sourdough,Specially Selected,en:plant-based-foods-and-beverages,"wheat flour (wheat flour, calcium carbonate, iron, niacin, thiamin), rye flour, water, wheat gluten, molasses, salt, malted barley flour,",158.0,234.0,1.3,0.1,45.1,5.2,1.5,7.9,319.0,39.9,369.72,2.0540000000000003,0.15800000000000003,71.25800000000001,8.216000000000001,2.37,12.482000000000001,504.02000000000004,63.042,0,1,0,1
20003166,Haferflocken,"Brownfield, CROWNFIELD",en:plant-based-foods-and-beverages,100 % wholemeal oat flakes,40.0,372.0,7.0,1.3,58.7,10.0,0.7,13.5,12.0,48.7,148.8,2.8000000000000003,0.52,23.480000000000004,4.0,0.27999999999999997,5.4,4.800000000000001,19.480000000000004,0,0,1,1
3083681116977,La Poêlée Rustique 750g,Bonduelle,en:plant-based-foods-and-beverages,"Pommes de terre préfrites 42% (pommes de terre 40%, huile de tournesol, dextrose), haricots verts 18%, champignons de Paris blancs 11%, champignons de Paris blonds 11%, oignons préfrits (oignons, huile de tournesol), eau, CREME [fraîche], concentré de jus de champignon, farine de BLE, huile de tournesol, échalotes rissolées déshydratées (échalotes, huile de tournesol), persil, sel, poudre de bolet jaune séché, ail, arôme naturel (LAIT), extrait de levure, poivre.

 

 

Peut contenir du CÉLERI",150.0,100.0,2.9,0.6,15.0,2.0,0.9,2.4,192.0,13.0,150.0,4.35,0.8999999999999999,22.5,3.0,1.35,3.5999999999999996,288.0,19.5,0,0,0,0
6111031005064,Tonik,bimo,en:plant-based-foods-and-beverages,"Coffret fourré au cacao (41,6%) et à la vanille (208) - Ingrédients Farine de blé, sucre, huile végétale non hydrogénée (huile de palme), filtrat de lait, poudre de cacao Émulsifiant à faible teneur en cacao (322) Lécithine de soja) Agent levant (5000) Sucre artificiel (vanilline) Sel Contient du lait, du blé (gluten) du soja",23.0,504.0,22.2,10.9,71.7,0.435,40.0,4.35,87.0,71.265,115.92,5.106,2.507,16.491,0.10005,9.200000000000001,1.0005,20.01,16.39095,0,0,1,0
6111184007618,,Star,en:condiments,gluten freee,100.0,385.56,33.0,2.57,20.9,0.0,16.0,1.31,880.0,20.9,385.56,33.0,2.57,20.9,0.0,16.0,1.31,880.0,20.9,0,0,0,0
3168930010265,cruesly mélange de noix,Quaker,en:plant-based-foods-and-beverages,"_avoine_ complète (32%), _blé_ complet (18%), sirop de glucose, huile de tournesol, sucre, _amandes_ grillées (4,2%), _noisettes_ (4%), oligofructose, _noix de Pécan_ (1,5%), farine de _blé_, farine de riz, _noix du Brésil_ (1%), miel, arômes naturels, antioxydant (tocophérol).",45.0,462.0,19.0,2.0,57.0,10.0,12.0,8.5,0.0,47.0,207.9,8.55,0.9,25.650000000000002,4.5,5.4,3.825,0.0,21.150000000000002,0,0,1,0
80135463,,nutella,en:plant-based-foods-and-beverages,"Sucre, huile de palme, _NOISETTES_ 13%, _LAIT_ écrémé en poudre 8,7%, cacao maigre 7,4%, émulsifiants : lécithines [_SOJA_] ; vanilline.",15.0,539.0,30.9,10.6,57.5,0.0,56.3,6.3,42.8,57.5,80.85,4.635,1.5899999999999999,8.625,0.0,8.444999999999999,0.945,6.419999999999999,8.625,0,0,1,0
3270160726080,"Aiguillettes de poulet à la moutarde et au citron, écrasée de pommes de terre et carottes",Picard,en:frozen-foods,"Pomme de terre cuite et assaisonnée 30,4 % (pomme de terre, sel), carotte cuite 23,2 %, aiguillette de poulet cuit rôti [aiguillette de poulet 18,2 % (origine : France), eau, fécule de manioc ou de pomme de terre], _lait_ demi-écrémé, bouillon de poulet [eau, os et viande de poulet (origine France*)], eau, crème liquide (_lait_), échalote, huile d'olive vierge extra, moutarde à l'ancienne 1 % (eau, graine de _moutarde_, vinaigre de vin, sel), jus de citron 0,5 %, farine de riz, beurre (_lait_), _moutarde_ de Dijon 0,2 % (eau, graine de _moutarde_, vinaigre d'alcool, sel, acidifiant : acide citrique), ail, persil, jus de légumes concentré (carotte, oignon, poireau), poivre, fibre d'agrumes.",350.0,79.0,2.6,1.0,6.2,1.6,1.9,6.9,76.0,4.6,276.5,9.1,3.5,21.7,5.6000000000000005,6.6499999999999995,24.150000000000002,266.0,16.099999999999998,0,1,0,0
5000157062734,Lentil Soup,Heinz,en:plant-based-foods-and-beverages,"water, lentils (22%), carrots (11%), tomatoes (5%), onions, modified cornflour, cornflour, wheat flour, salt, yeast extract, flavouring, herb extracts, spice extracts, herbs, smoke flavouring (contains wheat), spice",100.0,45.0,0.2,0.0,8.5,0.8,1.4,2.4,240.0,7.7,45.0,0.2,0.0,8.5,0.8,1.4,2.4,240.0,7.7,0,0,0,1
6111246721261,Fromage blanc nature,MILKY FOOD PROFESSIONAL,en:dairies,"Ferments lactiques, Présure, Sel.",100.0,80.6,12.0,0.0,6.1,0.0,0.0,7.3,0.0,6.1,80.6,12.0,0.0,6.1,0.0,0.0,7.3,0.0,6.1,0,0,1,0
6111128000071,Ain Saïss,Danone,en:beverages-and-beverages-preparations,Eau minérale naturelle,1.0,0.0,0.0,0.0,0.0,0.0,0.0,0.0,0.0,0.0,0.0,0.0,0.0,0.0,0.0,0.0,0.0,0.0,0.0,1,0,1,1
3228857001231,Harrys brioche tressee nature au sucre perle sans additifs 500g,Harrys,en:plant-based-foods-and-beverages,"Farine de BLÉ 51,8%, eau, OEUFS frais 12,2%, sucre 11,5%, huile de colza 10,8%, sucre perlé 2,3% (sucre, graisse végétale : karité, arôme), gluten de BLÉ, arômes dont fleur d'oranger (contient alcool), extraits végétaux à pouvoir colorant (curcuma, paprika), levure, fibre de BLÉ, sel, farine d'ORGE maltée, extrait d'acérola. Peut contenir des traces de LAIT, GRAINES DE SÉSAME, FRUITS A COQUE et SOJA.",50.0,356.0,13.0,1.0,49.0,4.5,13.0,8.6,320.0,44.5,178.0,6.5,0.5,24.5,2.25,6.5,4.3,160.0,22.25,0,0,0,0
8480000156044,Gazpacho Tradicional,Hacendado,en:plant-based-foods-and-beverages,"Fresh vegetables 96% (Tomato, bell pepper, cucumber, onion), extra-virgin-olive-oil (2,2%), wine vinegar, salt, garlic.",100.0,41.0,2.6,0.4,3.6,1.1,3.4,0.8,320.0,2.5,41.0,2.6,0.4,3.6,1.1,3.4,0.8,320.0,2.5,1,0,0,1
3083681095296,Ratatouille Cuisinée à la Provençal,Cassegrain,en:plant-based-foods-and-beverages,"Dés d'aubergines préfrites 25% (aubergines 22%, huile de tournesol), dès de courgettes 25%, purée de tomates mi-réduite 21%, oignons en dès 13%, poivrons rouges en dès 8%, double concentré de tomate 3%, huile d'olive vierge extra 1,5%, sucre 1,3%, sel, ail, jus concentré de citron, farine de BLE, thym 0.1%.",150.0,72.0,4.1,0.6,5.7,3.4,5.5,1.3,324.0,2.3000000000000003,108.0,6.1499999999999995,0.8999999999999999,8.55,5.1,8.25,1.9500000000000002,486.0,3.45,1,0,0,0
4088600247519,Wheat Bisks,Harvest Morn,en:plant-based-foods-and-beverages,"whole wheat (95%), barley malt extract, sugar, salt, niacin, iron, riboflavin, thiamin, folic acid,",238.0,353.0,2.11,0.526,68.4,10.0,4.47,11.8,103.0,58.400000000000006,840.14,5.0218,1.25188,162.792,23.799999999999997,10.638599999999999,28.084,245.14,138.99200000000002,0,1,0,0
7622201693916,Philadelphia,Mondelez International,en:dairies,"Full fat soft CHEESE, salt, stabiliser (guar gum), acid (citric acid). Made with pasteurised milk.",30.0,226.0,21.0,14.0,4.3,0.2,4.3,5.4,300.0,4.1,67.8,6.3,4.2,1.2899999999999998,0.06,1.2899999999999998,1.62,90.0,1.2299999999999998,1,0,1,0
5020364010113,Bakery Co. 5 The Original Bagels,New York Bakery Co,en:plant-based-foods-and-beverages,"WHEAT Flour (with added Calcium Carbonate, Iron, Niacin, Thiamin), Water, Sugar, Yeast, Vinegar, Salt, Rapeseed Oil, Preservative (Calcium Propionate), Maize, Sweet potato puree, Malted BARLEY Flour, Flour Treatment Agent (Ascorbic Acid)",1100.0,229.0,2.2,0.8,42.0,2.6,4.4,7.8,75.0,39.4,2519.0,24.200000000000003,8.8,462.0,28.6,48.400000000000006,85.8,825.0,433.4,0,1,0,0
8410111000707,Atún con tomate,Isabel,en:seafood,"Thon 65 et sauce tomate 35 (eau, hui\e de soja, concentré de tomate, glucose, sucre, sel et arôme).",100.0,155.0,8.5,1.5,2.7,0.4,2.0,17.0,470.0,2.3000000000000003,155.0,8.5,1.5,2.7,0.4,2.0,17.0,470.0,2.3000000000000003,1,1,0,0
3270160860685,"Saumon aux épices tandoori, riz noir et petits légumes",Picard,en:frozen-foods,"Riz noir cuit 22,8%, saumon (POISSONS) qualité sans arêtes* 21,4%, tomate pelée concassée 13,4% (tomate, jus de tomate). carotte jaune 9,4%, poivron rouge 7,7%, épinard 4,1%, chou kale 4,1%, oignon rouge 4,1%, eau, LAIT fermenté, pâte tandoori 1,8% [LAIT fermenté, tomate, ail, épices, crème (LAIT) fouettée, pâte de poivron (poivron, jus de citron concentré), pâte d'oignon frit (oignon sel, eau, huile de tournesol, jus de citron, fibre d'agrume), menthe, feuille de coriandre, huile de tournesol, sel], oignon, échalote cive, purée de tomate, concentré de tomate, persil, sel, fibre d'acacia, huile d'olive vierge extra, protéines de LAIT, paprika, poivre blanc, piment de Cayenne.",350.0,108.0,2.9,0.6,13.0,1.8,2.1,6.3,132.0,11.2,378.0,10.15,2.1,45.5,6.3,7.3500000000000005,22.05,462.0,39.199999999999996,0,1,0,0
5449000214911,Coca-Cola,Coca-Cola,en:beverages-and-beverages-preparations,"Eau gazéifiée, sucre, colorant: E150d, acidifiant: acide phosphorique, arômes naturels, arôme caféine.",330.0,42.0,0.0,0.0,10.6,0.0,10.6,0.0,0.0,10.6,138.6,0.0,0.0,34.98,0.0,34.98,0.0,0.0,34.98,0,0,1,1
6111252421582,اكوافينا,pepsi,en:beverages-and-beverages-preparations,Aqua,100.0,0.0,0.0,0.0,0.0,0.0,0.0,0.0,0.0,0.0,0.0,0.0,0.0,0.0,0.0,0.0,0.0,0.0,0.0,1,0,1,1
6111251753912,611251753912,sos,en:condiments,"PROTEGE Tetra Pak CE QUI EST BON olla المكونات : لب طماطم (160غ لإنتاج 100غ من المنتج) ، زيت عباد الشمس، سكر ، نشا الذرة معدل، ملح، نكهة الخضر. 7% من مواد جافة 

Ingrédients: Purée de tomate (160 g pour produire 100 g de produit), huile de tournesol, sucre, amidon de mais modifié, sel, arôme de légumes. 7% de matières sèches. 

Ingredientes: Puré de tomate (160 g para elaborar 100 g de producto), aceite de girasol, azúcar, almidón modificado de maíz, sal, aroma de verduras. 7% de materia seca. VALEURS NUTRITIONNELLES (Pour 100 g de produit) القيمة الغذائية (لكل 100غ من المنتج Valeur Energétique",100.0,73.0,3.3,0.4,8.7,1.4,2.3,1.3,332.0,7.299999999999999,73.0,3.3,0.4,8.7,1.4,2.3,1.3,332.0,7.299999999999999,0,0,0,0
3046920029759,Excellence Noir Prodigieux 90% Cacao,Lindt,en:snacks,"Pâte de cacao, beurre de cacao, cacao maigre, sucre, vanille.",110.0,592.0,55.0,30.0,14.0,0.0,7.0,10.0,12.0,14.0,651.2,60.50000000000001,33.0,15.400000000000002,0.0,7.700000000000001,11.0,13.200000000000001,15.400000000000002,0,1,1,0
54491472,"coca cola 0,5",Coca-Cola,en:beverages-and-beverages-preparations,"water, fructose-glucose syrup, carbon dioxide, colorant: e150d, acid: phosphoric acid, natural flavors, caffeine flavoring,",500.0,45.2,0.0,0.0,11.2,0.0,11.2,0.0,0.0,11.2,226.0,0.0,0.0,56.0,0.0,56.0,0.0,0.0,56.0,0,0,1,1
3229820129488,"Muesli Raisin, Figue, Abricot",Bjorg,en:plant-based-foods-and-beverages,"Flocons d'avoine* complète, Flocons de blé* complet, Raisins 8% (raisins*, huile de tournesol*), Figues* séchées 8% (figues*, farine de riz*), Flocons d'épeautre* complet, Pétales de maïs*, Dattes* 4 % (dattes*, farine de riz*), Abricots* secs 3% (abricots*, farine de riz*), Graines de tournesol*, Pétales d'épeautre* complet, Graines de lin*, Graines de courge*.
 Peut contenir des traces de lait, de fruits à coque, de graines de sésame et de soja. *Ingrédients biologiques.",60.0,352.0,5.8,0.9,59.0,10.0,14.0,11.0,12.0,49.0,211.2,3.48,0.54,35.4,6.0,8.4,6.6,7.199999999999999,29.4,0,0,1,0
3168930009078,Flocons d'avoine complète,Quaker,en:plant-based-foods-and-beverages,100% Flocons d'avoine.,40.0,375.0,8.0,1.5,60.0,9.0,1.1,11.0,4.0,51.0,150.0,3.2,0.6000000000000001,24.0,3.6,0.44000000000000006,4.4,1.6,20.400000000000002,0,0,1,0
7622210578464,Organic 70% Dark Chocolate Bar,Green & Black's,en:snacks,"cocoa mass #, cane sugar #, cocoa butter #, vanilla extract #, may contain nuts, milk,",1100.0,580.0,42.0,25.0,36.0,10.0,29.0,9.1,4.0,26.0,6380.0,462.0,275.0,396.0,110.0,319.0,100.1,44.0,286.0,0,1,1,0
6111035001635,Ain Atlas,Eau minérale naturelle,en:beverages-and-beverages-preparations,Sodium 48 Calcium 18 Magnésium 13 Potassium 8 Bicarbonates 217 Chlorures 12 Sulfates Nitrates 4,100.0,0.0,0.0,0.0,0.0,0.0,0.0,0.0,48.0,0.0,0.0,0.0,0.0,0.0,0.0,0.0,0.0,48.0,0.0,1,0,1,1
6111184000619,Mayonnaise,Star,en:condiments,"المكونات: زيت الصوجا، ماء، خل المائدة, أصفر البيض، خردل*، ملح, مثبت E415، مواد حافظة: (E202,E211) ومضادات الأكسدة:( E330, E385) 
*يحتوي على السولفيت",100.0,592.0,65.21,9.8,0.22,0.0,0.05,1.12,700.0,0.22,592.0,65.21,9.8,0.22,0.0,0.05,1.12,700.0,0.22,1,0,0,0
5070000126579,Super Seedy & Nutty Granola,Bio & Me,en:plant-based-foods-and-beverages,"Wholegrain Oats (60%), Dates, Chicory Root Fibre, Seeds (5%) (Pumpkin, Sunflower, Brown Linseed), Nuts (4%) (Skin on Almonds, Cashew Nuts), Extra Virgin Olive Oil, Dried Carrot, Puffed Brown Rice, Quinoa, Natural Flavouring.",100.0,402.0,14.4,2.2,50.2,14.4,9.6,10.9,12.0,35.800000000000004,402.0,14.4,2.2,50.2,14.4,9.6,10.9,12.0,35.800000000000004,0,1,1,0
6111246721278,Cream cheese,Original,en:dairies,"Lait de Vache pasteurisé, Crème fraiche pasteurisée
ferments lactiques, Présure,Sel.",100.0,257.0,18.0,0.0,3.1,0.0,0.0,10.0,0.0,3.1,257.0,18.0,0.0,3.1,0.0,0.0,10.0,0.0,3.1,1,1,1,0
6111259341197,Momo black,Excelo,en:snacks,"Farine de blé, sucre, huile végétale hydrogénée (palme), cacao en poudre (3,4%), régulateur d'acidité (acide citrique (E330), acide tartrique (E334)), poudre à lever (bicarbonate d'ammonium et bicarbonate sodium), émulsifiant végétal (lécithine de soja (E322)) et sel.",36.0,497.0,21.0,9.9,70.0,0.0,27.0,7.0,128.0,70.0,178.92,7.56,3.564,25.2,0.0,9.719999999999999,2.52,46.08,25.2,0,0,1,0
50184453,Marmite Yeast Extract,"Marmite,Unilever",en:fermented-foods,"yeast extract, barley, wheat, oats, rye, salt, vegetable juice concentrate, thiamin, riboflavin, niacin, vitamin B12, folic acid, natural flavouring, celery",8.0,260.0,0.5,0.1,30.0,0.0,1.2,34.0,4320.0,30.0,20.8,0.04,0.008,2.4,0.0,0.096,2.72,345.6,2.4,1,0,0,1
50457236,Tomato Ketchup,Heinz,en:condiments,"tomatoes, spirit vinegar, sugar, salt, spice and herb extracts (contain _celery_), spice",115.0,100.0,0.0,0.0,23.3,0.0,22.7,1.33,395.0,23.3,114.99999999999999,0.0,0.0,26.794999999999998,0.0,26.104999999999997,1.5294999999999999,454.24999999999994,26.794999999999998,0,0,0,1
5000157024671,BEANZ In a rich tomato sauce,HEINZ,en:plant-based-foods-and-beverages,"Beans (50%), Tomatoes (36%), Water, Sugar, Modified Cornflour, Salt, Spice Extracts , Herb Extract",415.0,79.0,0.2,0.1,12.9,3.7,5.0,4.7,2360.0,9.2,327.85,0.8300000000000001,0.41500000000000004,53.535000000000004,15.355000000000002,20.75,19.505000000000003,9794.0,38.18,0,1,0,1
3038352880305,Le Ravioli pur boeuf,Panzani,en:plant-based-foods-and-beverages,"Ravioli au boeuf à la sauce aromatisée. Eau, ravioli (semoule de BLÉ dur, eau, viande de boeuf, chapelure (farine de BLÉ, sel, levure), carottes, sel, oignons déshydratés), triple concentré de tomate, viande de bœuf, oignons réhydratés, carottes, amidon modifié de maïs, huile de colza, sel, sucre, arôme naturel.

Viande de bœuf mise en œuvre : 7,5% du poids net total.

Peut contenir des traces de : oeuf, poisson.",100.0,91.0,2.3,0.8,13.0,1.6,1.4,3.8,300.0,11.4,91.0,2.3,0.8,13.0,1.6,1.4,3.8,300.0,11.4,0,0,0,1
8722700479475,Real Mayonnaise,Hellmann's,en:condiments,"rapeseed oil (78%), _egg_ , _egg_ yolk (7,9%), water, spirit vinegar, sugar, salt, lemon juice concentrate, flavourings, antioxidant (calcium disodium EDTA), paprika extract, sunflower oil",114.0,725.0,79.0,6.2,1.4,0.0,1.3,1.1,472.0,1.4,826.4999999999999,90.05999999999999,7.068,1.5959999999999999,0.0,1.482,1.254,538.0799999999999,1.5959999999999999,1,0,0,0
7300400481595,Tartine croustillante Authentique,wasa,en:plant-based-foods-and-beverages,"Farine complète de SEIGLE (77 g*), farine de SEIGLE (28 g*), levure, sel. Peut contenir des traces de LUPIN, LAIT, MOUTARDE, GRAINES DE SÉSAME et SOJA. *en g pour 100 g de produit.",1141.0,336.0,1.5,0.4,62.0,19.0,1.0,9.0,400.0,43.0,3833.76,17.115000000000002,4.564,707.42,216.79,11.41,102.69,4564.0,490.63,0,1,0,0
3760020507350,Pur beurre de cacahuète,"Jardin Bio, Léa Nature",en:plant-based-foods-and-beverages,CACAHUETES issues de l'agriculture biologique. Peut contenir des traces de FRUITS A COQUE et de graines de SESAME.,100.0,625.0,50.0,9.7,12.0,5.5,5.1,29.0,0.0,6.5,625.0,50.0,9.7,12.0,5.5,5.1,29.0,0.0,6.5,0,1,1,0
3175680011480,Sésame,Gerblé,en:snacks,"Farine de blé 57%, sucre de canne roux, huile de colza, sésame toasté 10,6%, germe de blé 5,4%, farine complète de blé 5,4%, arôme naturel, magnésium, émulsifiant : lécithines, poudres à lever (tartrates de potassium, carbonates de sodium, carbonates d'ammonium), sel de mer, amidon de blé, vitamines (E, PP, B6, B1, B9).",115.0,467.0,18.0,2.0,64.0,4.6,17.0,10.0,152.0,59.4,537.05,20.7,2.3,73.6,5.289999999999999,19.549999999999997,11.5,174.79999999999998,68.30999999999999,0,1,0,0
3270160871223,Curry de lentilles corail et légumes,Picard,en:plant-based-foods-and-beverages,"Lentille corail précuite (lentille 16,6%, eau), courgette grillée 11%, carotte précuite 11%, épinard en feuille 11%, poivron jaune 10%, eau, tomate 5%, fromage frais (_lait_ pasteurisé, _crème_ (_lait_), sel, ferments _lactiques_), lait de coco 2,7% (extrait de noix de coco, eau), échalote, _crème_ (_lait_), _beurre_ (_lait_), curry 0,3%, sel, fécule de pommes de terre, miel, curcuma, poivre
Convient aux végétariens (régime lacto-ovo-végétariens)",300.0,101.0,3.6,2.3,10.0,3.0,2.3,5.3,152.0,7.0,303.0,10.8,6.8999999999999995,30.0,9.0,6.8999999999999995,15.899999999999999,456.0,21.0,0,1,0,0
6111242100992,perly,perly,en:dairies,"milk cream, cream, sugar, banana, bacteria",100.0,97.0,3.0,0.0,9.4,0.0,0.0,8.0,0.0,9.4,97.0,3.0,0.0,9.4,0.0,0.0,8.0,0.0,9.4,0,0,1,1
5051399182506,Chickpeas In Water,Tesco,en:plant-based-foods-and-beverages,"chickpeas, water, antioxidant (ascorbic acid).",5120.0,115.0,2.25,0.333,20.2,6.92,0.333,6.75,33.300000000000004,13.28,5888.0,115.2,17.0496,1034.24,354.30400000000003,17.0496,345.6,1704.9600000000003,679.936,0,1,0,0
6111206000696,,DANONE,en:dairies,"prepared with resounding cheese, 48% dry matter fat, ingredients, milk complex, gin, vegetable fat, whey powder, maltodextrin, starch, milk proteins, emulsifier salts (polyphosphate, sodium citrate, tenophosphate, sodium phosphate), salt, preservative (potassium sorbate), coagulant (carrageenan), acidity regulator (citric acid), flavor,",100.0,234.0,20.0,10.0,5.5,0.0,5.5,8.0,400.0,5.5,234.0,20.0,10.0,5.5,0.0,5.5,8.0,400.0,5.5,0,0,0,0
6111162000181,Joly Thon Entier,Joly,en:seafood,"Thon, huile végétale, sel.",100.0,175.0,1.1,0.7,0.97,0.0,0.97,33.0,200.0,0.97,175.0,1.1,0.7,0.97,0.0,0.97,33.0,200.0,0.97,1,1,0,1
5025125000037,SLICED WHITE SOURDOUGH BREAD WITH GRAINS & SEEDS,JASONS SOURDOUGH,en:plant-based-foods-and-beverages,"Wheat Flour (Wheat Flour, Calcium Carbonate, Iron, Niacin, Thiamin), Water, Mixed Seeds (Golden Linseeds, Sunflower Seeds (6%), Sprouted Spelt (Wheat) Grains (1.5%), Salt, Fermented Wheat Flour.",14833.0,237.0,2.7,0.3,40.2,4.7,1.4,10.7,356.0,35.5,35154.21000000001,400.49100000000004,44.499,5962.866000000001,697.1510000000001,207.662,1587.131,52805.48,5265.715,0,1,0,0
5010477348357,Country Crisp 4 noix,Jordans,en:plant-based-foods-and-beverages,"Céréales complètes (48%) (flocons d'_avoine_, farine d'_avoine_), sucre, noix (14%) (_noisettes_ grillées en morceaux et entières, _amandes_ effilées et entières, morceaux de _noix du Brésil_, éclats de _noix de pécan_), flocons d'_orge_, huile végétale (huile de colza, huile de tournesol), farine de riz, noix de coco séchée, arôme naturel.",45.0,465.0,20.0,2.6,58.0,6.1,18.0,11.0,12.0,51.9,209.25,9.0,1.1700000000000002,26.1,2.745,8.1,4.95,5.4,23.355,0,0,1,0
5025125000105,No. 6 Sourdough Majestic Malted,Jason's,en:plant-based-foods-and-beverages,"_Wheat_ Flour (_Wheat_ Flour, Calcium Carbonate, Iron, Niacin, Thiamin), Water, Roasted Malted _Rye_ (7%), _Rye_ Flour, Malted _Barley_ Flour (1%), Salt, Fermented _Wheat_ Flour, Malted _Wheat_ Flour.",100.0,255.0,2.7,0.8,47.0,3.6,1.8,9.3,396.0,43.4,255.0,2.7,0.8,47.0,3.6,1.8,9.3,396.0,43.4,0,0,0,1
5025125000006,Sourdough White Ciabattin,Jason's,en:plant-based-foods-and-beverages,"Wheat Flour (Fortified with Calcium Carbonate, Iron, Niacin, Thiamin), Water, Salt, Fermented Wheat Flour.",148.0,230.0,0.8,0.1,44.1,2.9,2.4,10.1,362.0,41.2,340.4,1.184,0.148,65.268,4.292,3.552,14.947999999999999,535.76,60.976000000000006,0,1,0,1
5285000397465,Indomie,beldi,en:plant-based-foods-and-beverages,halal.indoumi,100.0,443.0,15.0,15.0,66.0,0.0,1.3999999761581,10.0,0.0,66.0,443.0,15.0,15.0,66.0,0.0,1.3999999761581,10.0,0.0,66.0,0,1,1,0
5053990127740,Pringles,Pringles,en:plant-based-foods-and-beverages,"Kartoffelpüreepulver, Sonnenblumenöl, WEIZENMEHL, Maismehl, Reismehl, Sauerrahm-Zwiebel-Würzmischung (WEIZENSTÄRKE, Geschmacksverstärker {Mononatriumglutamat, Dinatriumguanylat, Dinatriuminosinat}, Zwiebelpulver, Dextrose, Sonnenblumenöl, Speisesalz, modifizierte Maisstärke, Aromen {MILCH}, Maltodextrin, Zucker, Süßmolkenpulver {MILCH}, Sauerrahmpulver {MILCH}, Glukosesirup-Pulver, Säuerungsmittel {Citronensäure, Äpfelsäure}, MILCHEIWEISS), Maltodextrin, Emulgator (E471), Salz, Farbstoff (Annatto Norbixin). Kann Spuren von SOJA enthalten.",30.0,517.0,29.0,2.9,56.0,3.5,2.1,6.3,480.0,52.5,155.1,8.7,0.87,16.8,1.05,0.63,1.89,144.0,15.75,0,0,0,0
6111206000733,Jebli,"Centrale, Danone, Jebli",en:dairies,"جبن أبيض، قشدة ماء، بروتينات الحليب ملح، مخثرات )نشا، أغار، علكة الزتان(، مادة حافظة )سوربات البوتاسيوم(، نكهة, يحفظ في البرودة بين 4 و 6° 19 % من المواد الدسمة,",100.0,225.0,19.0,13.0,6.9,0.0,0.0,6.5,304.0,6.9,225.0,19.0,13.0,6.9,0.0,0.0,6.5,304.0,6.9,0,0,0,0
8425197712024,,Maruja,en:snacks,"sugar, cocoa butter, whole milk powder, cocoa mass, almonds, emulsifier (soya lecithin), flavoring",100.0,539.0,33.0,25.0,53.0,0.0,50.0,7.2,110.0,53.0,539.0,33.0,25.0,53.0,0.0,50.0,7.2,110.0,53.0,0,0,1,0
8718114807980,Knorr Soupe Déshydratée Forestière Champignons & Oignons 3 Portions,Knorr,en:meals,"Amidons (pomme de terre, maïs), lactosérum (LAIT), graisse de palme, farine de BLÉ, sel, maltodextrine, extrait de levure, oignon grillé : 3,7%, préparation à base de jus de champignon concentré (maltodextrine, jus de champignon concentré : 1,3%), chlorure de potassium, sirop de glucose, épice et aromates (ciboulette, ail, curcuma), arômes (dont LAIT), bolet : 1,2%, protéines de LAIT, extrait de vin blanc, bolet jaune : 0,5%, jus d'oignon concentré : 0,07%, huile de tournesol. Peut contenir : avoine, céleri, moutarde, œuf, orge, seigle, sésame, soja.",250250.0,392.0,13.0,7.6,59.0,1.9,12.0,7.6,2280.0,57.1,980980.0,32532.5,19019.0,147647.5,4754.75,30030.0,19019.0,5705700.0,142892.75,0,1,0,0
20047238,Notenmix Mélange de Noix ongebrand - non grillé,"Alesto Selection, Alesto",en:plant-based-foods-and-beverages,"25% walnuts, 25% hazelnuts, 25% cashews, 25% blanched almonds, for allergens, see ingredients in bold, may also contain other nuts and peanuts,",30.0,646.0,58.0,6.4,6.4,8.5,4.2,20.4,4.0,0.0,193.79999999999998,17.4,1.92,1.92,2.55,1.26,6.119999999999999,1.2,0.0,1,0,1,0
20004132,Gehackte Tomaten,Baresa,en:plant-based-foods-and-beverages,"60% chopped tomatoes, 39,9% tomato juice, acidity regulator: citric acid",100.0,35.0,0.1,0.1,5.0,1.8,4.5,0.8,40.0,3.2,35.0,0.1,0.1,5.0,1.8,4.5,0.8,40.0,3.2,1,0,1,1
5010029226188,Muesli,Alpen,en:plant-based-foods-and-beverages,"Wholegrain Wheat, Rolled Oats, Raisins, Hazelnuts, Almonds",100.0,370.0,5.5,0.9,65.0,8.0,18.0,12.0,110.0,57.0,370.0,5.5,0.9,65.0,8.0,18.0,12.0,110.0,57.0,0,1,1,0
6111032004455,Dan up,Danone,en:beverages-and-beverages-preparations,"milk without whipped cream, milk powder without whipped cream, milky proteins, whipped cream, butter, coagulant (starch), flavor, yeast for yogurt,",170.0,46.4706,0.7059,0.4706,8.6471,0.0,6.2353,1.4118,0.0,8.6471,79.00001999999999,1.20003,0.8000200000000001,14.70007,0.0,10.60001,2.40006,0.0,14.70007,0,0,1,1
5025125000129,Jasons Sourdough,Jasons,en:plant-based-foods-and-beverages,"Wheat Flour (Wheat Flour, Calcium Carbonate, Iron, Niacin, Thiamin), Water, Wholemeal Spelt (Wheat) Flour, Sprouted Spelt (Wheat) Grains (5%), Rye Flour, Salt, Fermented Wheat Flour.",15628.0,233.0,1.1,0.2,44.8,3.6,2.6,9.3,342.0,41.199999999999996,36413.24,171.90800000000002,31.256,7001.344,562.6080000000001,406.32800000000003,1453.4040000000002,53447.76,6438.735999999999,0,1,0,0
5000157024886,Heinz Baked Beans,Heinz,en:plant-based-foods-and-beverages,"Beans (51%), Tomatoes (34%), Water, Sugar, spirit Vinegar, Modified Cornflour, Salt, Spice extracts, Herb Extract",52075.0,81.0,0.337,0.0482,19.3,3.86,4.29,4.82,246.0,15.440000000000001,42180.75,175.49275,25.10015,10050.475,2010.095,2234.0175,2510.0150000000003,128104.5,8040.380000000001,0,1,0,0
6111242102002,Ghilal Yaourt zr3,Jaouda,en:dairies,"Ingré&lents : lait entier enrichi en crème, sucre, poudre de lait écrémé, texturant : amidon, préparation de céréales, fibres, arômes, ferments ladiques et colorant naturel. Matière grasse : 3,4 % Poids net : 110 g",3.0,106.0,3.0,2.2,16.0,1.1,7.5,3.5,0.0,14.9,3.1799999999999997,0.09,0.066,0.48,0.033,0.22499999999999998,0.105,0.0,0.447,1,0,1,1
6111184001197,,Star,en:condiments,"کلوسید g غ المكونات : زيت الصوجا، مان كل المائدة، أصفر البيض، خردل*، ملح، مثبت E415، مواد حافظة:)1 21 ,E202( و مضادات الأكسدة:(0E385 يحتوي على السولفيت Glucides",90.0,563.0,62.0,7.0,0.0,0.0,0.0,1.2,2000.0,0.0,506.7,55.800000000000004,6.3,0.0,0.0,0.0,1.08,1800.0,0.0,1,0,0,0
5201054017432,5% Greek Yogurt,Fage,en:dairies,"Pasteurised skimmed milk, cream (milk), live active yoghurt cultures (L. Bulgaricus, S. Thermophilus, L. Acidophilus, Bifidus, L. Casei).

no palm oil",1100.0,93.0,5.0,3.6,3.0,0.0,3.0,9.0,39.0,3.0,1023.0,55.0,39.6,33.0,0.0,33.0,99.0,429.0,33.0,0,1,0,0
3599741003380,Colin d'Alaska MSC façon Fish & Chips,Findus,en:seafood,"alaskan colin 49%, wheat flour (wheat, calcium carbonate, iron, niacin, thiamine), water, rapeseed oil, wheat starch, salt, rice flour, corn flour, mustard, natural flavors (including mustard), dextrose, baking powders (diphosphates, sodium bicarbonate), garlic powder, wheat gluten, paprika, spice extract",1100.0,207.0,9.5,0.7,19.0,0.6,0.5,11.0,291.0,18.4,2277.0,104.5,7.699999999999999,209.0,6.6,5.5,121.0,3201.0,202.39999999999998,0,1,0,0
6111035001659,Ain Atlas,Eau minérale naturelle des Montagnes d'Atlas,en:beverages-and-beverages-preparations,"Composition Minérale en mg/L 
Résidu Sec à 110°C: 249 en mg/L 
- Sodium 48 
- Calcium 18 
- Magnésium 13 
- Potassium
- Bicarbonates 217 
- Chlorures 12 
- Sulfates 8 
- Nitrates 4",1.0,0.0,0.0,0.0,0.0,0.0,0.0,0.0,0.0,0.0,0.0,0.0,0.0,0.0,0.0,0.0,0.0,0.0,0.0,1,0,1,1
3240931548111,Gnocchi à poêler,"Lustucru,Lustucru selection",en:plant-based-foods-and-beverages,"Purée (eau, pommes de terre déshydratées, épice : curcuma), semoule de BLE, huile de colza et/ou tournesol, sel, farine de BLE. Peut contenir des traces de lait, œufs, soja, moutarde, et gluten provenant d'autres céréales. Conditionné sous atmosphère protectrice.",160.0,190.0,2.7,0.3,35.0,2.6,1.5,5.0,440.0,32.4,304.0,4.32,0.48,56.0,4.16,2.4000000000000004,8.0,704.0,51.84,0,0,0,0
3270160865826,"Saumon, duo de guinoa et orge, purée aux légumes verts, sauce vierge à la framboise",Picard,en:seafood,"Filet de _saumon_ Atlantique 22,3%, brocoli 19,4%, quinoa blanc précuit 10,9% (eau, quinoa blanc 2,6%), _orge_ précuite 8,5% (eau, _orge_ 3,6%), fève pelée 7,7%, tomate mi-séchée assaisonnée 5,6% (tomate, huile de tournesol, sel, ail, origan, marjolaine, persil), pomme de terre précuite, _crème_ liquide, eau, quinoa rouge précuit 3,2% (eau, quinoa rouge 2,1%), huile de tournesol, huile d'olive vierge extra, échalote, fibre de pois, brisure de framboise 0,7%, coriandre, sel, jus de citron vert, oignon rouge, persil, ail, ciboulette, jus de citron à base de concentré 0,2% (eau, jus de citron concentré), mélange 5 baies, amidon de riz, graines de _sésame_ noir 0,03%, poivre blanc.

Peut contenir des traces de : crustacés, œuf, soja, fruits à coque, céleri, moutarde, mollusques.",300.0,152.0,9.1,2.0,8.2,2.8,1.4,8.1,288.0,5.3999999999999995,456.0,27.299999999999997,6.0,24.599999999999998,8.399999999999999,4.199999999999999,24.299999999999997,864.0,16.2,0,1,0,0
3608580065340,Pâte à tartiner noisettes et cacao,Bonne Maman,en:breakfasts,"sucre, _noisettes_ 20%, huiles végétales (tournesol, colza), _lait_ écrémé en poudre, cacao maigre en poudre 5,5%, beurre de cacao, émulsifiant : lécithine de tournesol, extrait de vanille, Peut contenir d'autres _fruits à coque_,",10.0,551.0,34.0,5.2,53.0,3.3,51.0,6.7,40.0,49.7,55.1,3.4000000000000004,0.52,5.300000000000001,0.33,5.1000000000000005,0.67,4.0,4.970000000000001,1,0,1,0
5000436857112,Malt Wheats,Tesco,en:plant-based-foods-and-beverages,"Wholewheat Flour, Sugar, Malted Barley Extract, Partially Inverted Sugar Syrup, Salt, Niacin, Iron, Pantothenic Acid, Thiamin, Riboflavin, Vitamin B6, Folic Acid, Vitamin B12.",140.0,362.0,1.25,0.25,82.0,11.0,10.0,11.0,107.0,71.0,506.79999999999995,1.75,0.35,114.8,15.399999999999999,14.0,15.399999999999999,149.79999999999998,99.39999999999999,0,1,0,1
5025125000112,Proper Sourdough,Jason's Sourdough,en:plant-based-foods-and-beverages,"Wheat Flour (Wheat Flour, Calcium Carbonate, Iron, Niacin, Thiamin), Water, Rye Flour, Salt, Fermented Wheat",16428.0,237.0,0.7,0.1,46.4,3.0,2.1,9.7,315.0,43.4,38934.36,114.996,16.428,7622.592,492.84000000000003,344.988,1593.5159999999998,51748.2,7129.7519999999995,0,1,0,0
3362600011006,Henry’s,Henry’s,en:snacks,"farine de froment, sucre, Graisse végétale , Sucre inverti, Agents levants (Bicarbonate d'ammonium, Bicarbonate de sodium), arôme vanille",85.0,440.0,10.8,5.29,76.5,2.35,24.2,7.65,353.0,74.15,374.0,9.18,4.4965,65.02499999999999,1.9975,20.57,6.5025,300.05,63.0275,0,0,0,0
3083681116908,Poêlée Parisienne 750g,Bonduelle,en:plant-based-foods-and-beverages,"Haricots verts 30%, pommes de terre préfrites 24% (pommes de terre 23%, huile de tournesol, dextrose), carottes 13%, champignons de Paris 9%, oignons préfrits (oignons, huile de tournesol), eau, lardons cuits fumés 6% (poitrine de porc, sel, dextrose, arômes naturels (contient naturellement des polyphénols*), antioxydant : acide ascorbique, épices et plante aromatique), huile de tournesol, farine de BLE, persil, sel, ciboulette, ail, arômes naturels (BLE, CELERI), oignon, romarin, poivre.

 

*Contribue à la préservation de l'oxydation",150.0,91.0,4.3,1.0,9.1,2.7,1.6,2.5,232.0,6.3999999999999995,136.5,6.449999999999999,1.5,13.649999999999999,4.050000000000001,2.4000000000000004,3.75,348.0,9.6,0,0,0,0
6111184003276,Assaisonnement aromatisé au citron,Star,en:condiments,Vinaigre de table et émulsion de citron,100.0,1.0,0.0,0.0,0.1,0.0,0.0,0.0,0.0,0.1,1.0,0.0,0.0,0.1,0.0,0.0,0.0,0.0,0.1,1,0,1,1
3270160697861,Paëlla à la Valenciana,Picard,en:meats-and-their-products,"Riz jaune cuit 49,3% (eau, riz, curcuma), morceau de poulet cuit rôti traité en salaison [filet ou aiguillette de poulet 5,9% (origine : UE), eau, dextrose, sel], _colin_ d'Alaska qualité sans arête (_poissons_) 6%, _crevette_ décortiquée salée 5% (_crevette_ (_crustacés_), sel), anneau de _calmar_ (_mollusques_) 5%, petit pois 5%, tomate, oignon, poivron rouge 4%, chorizo 4% (viande de porc (origine : UE), gras de porc, sel, piment, dextrose, épices et extraits d'épices, ferments _lactiques_, conservateur : nitrite de sodium, antioxydant : ascorbate de sodium), arôme naturel (contient : _crustacés_ et _mollusques_), huile de tournesol, huile d'olive vierge extra, sel",300.0,140.0,5.1,1.2,15.0,1.6,1.5,7.6,284.0,13.4,420.0,15.299999999999999,3.5999999999999996,45.0,4.800000000000001,4.5,22.799999999999997,852.0,40.2,0,1,0,0
